host,stellar_r,stellar_m,inj_period,inj_rp_earth,inj_rp_rs,inj_depth_ppm,inj_impact,inj_snr,n_transits,rec_period,rec_sde,rec_depth_ppm,tls_recovered,clf_probability,clf_recovered,error
TIC 402898317,0.730261,0.7,0.7,0.8,0.010043532380888478,123.26667003736969,0.1,2.4525565586561258,37,1.0137773692017455,4.74986239831186,418.7978154022165,0,0.06665791132495658,0,
TIC 402898317,0.730261,0.7,0.7,0.8,0.010043532380888478,116.22658453047663,0.5,2.312484567758699,37,1.0137773692017455,4.499827935110579,420.56755701114224,0,0.06665791132495658,0,
TIC 402898317,0.730261,0.7,0.7,1.5,0.018831623214165892,433.33276417323316,0.1,8.621739457482379,37,0.6997126786598784,8.405137431862284,443.7676481808817,1,0.048819398760207695,0,
TIC 402898317,0.730261,0.7,0.7,1.5,0.018831623214165892,408.5914145323111,0.5,8.129476956082348,37,3.411414233731415,4.384207198983912,467.3576217980591,0,0.07094045659575664,0,
TIC 402898317,0.730261,0.7,0.7,2.5,0.031386038690276494,1203.6608498426915,0.1,23.94845509158601,37,0.6997126786598784,21.296161048993614,1373.6669931809774,1,0.1595258799916676,0,
TIC 402898317,0.730261,0.7,0.7,2.5,0.031386038690276494,1134.7898889721985,0.5,22.578174489922397,37,0.6997126786598784,18.814341241476534,1203.106758826844,1,0.06049467332680166,0,
TIC 402898317,0.730261,0.7,0.7,4.0,0.050217661904442386,3080.783252838226,0.1,61.29633558086479,37,0.6997126786598784,23.988643107207754,2965.149211110907,1,0.11484859534960258,0,
TIC 402898317,0.730261,0.7,0.7,4.0,0.050217661904442386,2904.368920516376,0.5,57.78633464025589,37,0.6997126786598784,24.173321647245125,2731.908949110906,1,0.052507191085496153,0,
TIC 402898317,0.730261,0.7,0.7,6.0,0.07532649285666357,6929.604084125463,0.1,137.87381406717546,37,0.6997126786598784,30.188717149703585,6480.642473513875,1,0.13588834071037006,0,
TIC 402898317,0.730261,0.7,0.7,6.0,0.07532649285666357,6530.715387800256,0.5,129.93738576867761,37,0.6997126786598784,28.599396399200963,6422.050919957845,1,0.06962050364235872,0,
TIC 402898317,0.730261,0.7,0.7,9.0,0.11298973928499537,15580.510910014556,0.1,309.99526642510165,37,0.6997126786598784,36.92234826458352,15177.010406643876,1,0.42047217116237945,0,
TIC 402898317,0.730261,0.7,0.7,9.0,0.11298973928499537,14673.09794289018,0.5,291.9410622898247,37,0.6997126786598784,34.44273462135616,14158.842903397084,1,0.1288348825755317,0,
TIC 402898317,0.730261,0.7,0.7,13.0,0.16320740118943775,32459.97558120739,0.1,645.8349688636288,37,0.6997126786598784,39.82417983557077,32153.27802933621,1,0.2896148857015545,0,
TIC 402898317,0.730261,0.7,0.7,13.0,0.16320740118943775,30524.439042445283,0.5,607.3248604034874,37,0.6997126786598784,39.40421034358339,29060.02433480548,1,0.15052314182410156,0,
TIC 402898317,0.730261,0.7,1.0504989940769753,0.8,0.010043532380888478,123.26652660188398,0.1,2.137421528278294,24,1.0137773692017455,4.402129537875399,412.86001764651024,0,0.0674503026178071,0,
TIC 402898317,0.730261,0.7,1.0504989940769753,0.8,0.010043532380888478,116.22640792841032,0.5,2.0153470151956268,24,1.0137773692017455,4.767113346649246,420.16263639810256,0,0.06665791132495658,0,
TIC 402898317,0.730261,0.7,1.0504989940769753,1.5,0.018831623214165892,433.34957514129525,0.1,7.51421117079728,24,1.0498777552901768,4.897471251225723,424.36929584011017,0,0.07852897890498561,0,
TIC 402898317,0.730261,0.7,1.0504989940769753,1.5,0.018831623214165892,408.5982379066211,0.5,7.085027007687583,24,1.052430210062521,5.7349557373711315,448.3391558713912,0,0.05744906774845638,0,
TIC 402898317,0.730261,0.7,1.0504989940769753,2.5,0.031386038690276494,1203.6727369083567,0.1,20.871489542159736,24,1.0511529496803231,16.05086340615899,1293.8912940184678,1,0.13894068526545014,0,
TIC 402898317,0.730261,0.7,1.0504989940769753,2.5,0.031386038690276494,1134.8627073235473,0.5,19.678334817592443,24,1.0511529496803231,16.991388098889697,1122.8580274067479,1,0.07366241321345063,0,
TIC 402898317,0.730261,0.7,1.0504989940769753,4.0,0.050217661904442386,3080.914556058856,0.1,53.42255744882418,24,1.0498777552901768,19.6627753384136,3004.979323616541,1,0.07607655829687221,0,
TIC 402898317,0.730261,0.7,1.0504989940769753,4.0,0.050217661904442386,2904.368462429807,0.5,50.36127689149243,24,1.0511529496803231,20.073008483602575,2682.959180134614,1,0.11070472143951506,0,
TIC 402898317,0.730261,0.7,1.0504989940769753,6.0,0.07532649285666357,6929.8141623140855,0.1,120.1618507945494,24,1.0511529496803231,25.477700948250654,6831.303162561752,1,0.12395297865267393,0,
TIC 402898317,0.730261,0.7,1.0504989940769753,6.0,0.07532649285666357,6530.71579281772,0.5,113.24154996042773,24,1.0498777552901768,25.5289246249701,6199.117062119952,1,0.11222946276586467,0,
TIC 402898317,0.730261,0.7,1.0504989940769753,9.0,0.11298973928499537,15580.624239541208,0.1,270.1654909216937,24,1.0498777552901768,30.843360320042017,14935.88355901343,1,0.22019915960828584,0,
TIC 402898317,0.730261,0.7,1.0504989940769753,9.0,0.11298973928499537,14673.094022652933,0.5,254.42906452424197,24,1.0498777552901768,30.737680763634195,14154.236632804574,1,0.12223361757380433,0,
TIC 402898317,0.730261,0.7,1.0504989940769753,13.0,0.16320740118943775,32460.57223123089,0.1,562.8610444370634,24,1.0498777552901768,33.56312994067237,31049.600665692844,1,0.15429192725814095,0,
TIC 402898317,0.730261,0.7,1.0504989940769753,13.0,0.16320740118943775,30527.109588374013,0.5,529.335116588773,24,1.0498777552901768,31.80608294616992,27397.503592200166,1,0.12038724150643722,0,
TIC 402898317,0.730261,0.7,1.576497337938196,0.8,0.010043532380888478,123.26654288208339,0.1,1.8645445933753317,16,1.0137773692017455,4.928755065050847,425.2002099834895,0,0.06749251199717067,0,
TIC 402898317,0.730261,0.7,1.576497337938196,0.8,0.010043532380888478,116.22658375087802,0.5,1.7580573225493064,16,1.0137773692017455,4.6392572474319245,410.75250980360244,0,0.0674503026178071,0,
TIC 402898317,0.730261,0.7,1.576497337938196,1.5,0.018831623214165892,433.3495649677666,0.1,6.554897780942332,16,0.5064269833541477,4.885676820955029,310.95973391992436,0,0.04507066135387804,0,
TIC 402898317,0.730261,0.7,1.576497337938196,1.5,0.018831623214165892,408.59749415056433,0.5,6.180494972702579,16,1.575912252100644,8.630637620314463,671.343513411804,1,0.11857705714986458,0,
TIC 402898317,0.730261,0.7,1.576497337938196,2.5,0.031386038690276494,1203.6727986499684,0.1,18.206899913325618,16,1.575912252100644,16.417212700435755,1147.875020477529,1,0.08240320977349432,0,
TIC 402898317,0.730261,0.7,1.576497337938196,2.5,0.031386038690276494,1134.8629306787705,0.5,17.16607355203715,16,1.575912252100644,14.905987208704296,1092.195572796162,1,0.11303907716668261,0,
TIC 402898317,0.730261,0.7,1.576497337938196,4.0,0.050217661904442386,3080.9171330089534,0.1,46.60232410739757,16,1.575912252100644,18.834264216365913,3032.711038418845,1,0.19076275186223468,0,
TIC 402898317,0.730261,0.7,1.576497337938196,4.0,0.050217661904442386,2904.364489473288,0.5,43.931767529320666,16,1.575912252100644,19.668658028147398,2922.388862962477,1,0.30297970152627596,0,
TIC 402898317,0.730261,0.7,1.576497337938196,6.0,0.07532649285666357,6929.814302533921,0.1,104.82120686425698,16,1.575912252100644,26.918271639510113,6703.935273663308,1,0.2694057260313842,0,
TIC 402898317,0.730261,0.7,1.576497337938196,6.0,0.07532649285666357,6530.715593968228,0.5,98.78439166784896,16,1.575912252100644,25.708478119579592,6599.502945445756,1,0.24921407160771475,0,
TIC 402898317,0.730261,0.7,1.576497337938196,9.0,0.11298973928499537,15580.609046812688,0.1,235.67417143773775,16,1.575912252100644,37.97680796818188,15082.179342290281,1,0.4242550378138597,0,
TIC 402898317,0.730261,0.7,1.576497337938196,9.0,0.11298973928499537,14673.092878124793,0.5,221.9469724252176,16,1.575912252100644,36.14121207639133,14606.828599316279,1,0.3109863359847492,0,
TIC 402898317,0.730261,0.7,1.576497337938196,13.0,0.16320740118943775,32460.571784524884,0.1,491.00252350392486,16,1.575912252100644,42.10965633431047,32393.82924891554,1,0.14452331227444803,0,
TIC 402898317,0.730261,0.7,1.576497337938196,13.0,0.16320740118943775,30526.95115699944,0.5,461.75434470052943,16,1.575912252100644,42.00248481626008,30427.243077970288,1,0.1527315239990261,0,
TIC 402898317,0.730261,0.7,2.365869810955864,0.8,0.010043532380888478,123.26667030815308,0.1,1.6273806432849396,11,3.411414233731415,4.572270925219414,447.82195398074265,0,0.07550004464128543,0,
TIC 402898317,0.730261,0.7,2.365869810955864,0.8,0.010043532380888478,116.22631714269804,0.5,1.5344330976531049,11,0.5064269833541477,4.725720653330613,293.4649788487453,0,0.04633481808973082,0,
TIC 402898317,0.730261,0.7,2.365869810955864,1.5,0.018831623214165892,433.34946520701135,0.1,5.721129074816308,11,1.0137773692017455,4.388939727412738,428.7911494521568,0,0.06749251199717067,0,
TIC 402898317,0.730261,0.7,2.365869810955864,1.5,0.018831623214165892,408.5982419668177,0.5,5.394360602057039,11,1.0137773692017455,6.2019013497275965,480.78300109910543,0,0.06242905564119389,0,
TIC 402898317,0.730261,0.7,2.365869810955864,2.5,0.031386038690276494,1203.6725787520909,0.1,15.891022695892994,11,2.364131087520118,14.287813290754695,1366.874847415156,1,0.807615554604075,1,
TIC 402898317,0.730261,0.7,2.365869810955864,2.5,0.031386038690276494,1134.8609763582874,0.5,14.982564071277345,11,2.364131087520118,15.463136870515212,1360.8169807314275,1,0.6626552466938553,1,
TIC 402898317,0.730261,0.7,2.365869810955864,4.0,0.050217661904442386,3080.916401211331,0.1,40.674609790111234,11,2.364131087520118,16.380357942699263,3050.9570796847242,1,0.7002788240637339,1,
TIC 402898317,0.730261,0.7,2.365869810955864,4.0,0.050217661904442386,2904.345802455799,0.5,38.34350460271834,11,2.367895779109451,16.710244146025737,2651.829448580223,1,0.7836904387310281,1,
TIC 402898317,0.730261,0.7,2.365869810955864,6.0,0.07532649285666357,6929.804291827435,0.1,91.4880667911329,11,2.367895779109451,22.630644314642005,6655.848477574277,1,0.632764985968823,1,
TIC 402898317,0.730261,0.7,2.365869810955864,6.0,0.07532649285666357,6530.706890331972,0.5,86.21913736880488,11,2.367895779109451,22.02790896346583,6309.826573004385,1,0.6500424162040005,1,
TIC 402898317,0.730261,0.7,2.365869810955864,9.0,0.11298973928499537,15580.536712693438,0.1,205.69602305993828,11,2.367895779109451,28.963885669496953,15052.430026396669,1,0.7312668838390535,1,
TIC 402898317,0.730261,0.7,2.365869810955864,9.0,0.11298973928499537,14673.04735880892,0.5,193.71524508640408,11,2.367895779109451,28.908102154803064,14371.643176315674,1,0.6075508133140215,1,
TIC 402898317,0.730261,0.7,2.365869810955864,13.0,0.16320740118943775,32460.56354597859,0.1,428.5480629337022,11,2.364131087520118,32.151499069254015,30489.836868666796,1,0.1634190299346724,0,
TIC 402898317,0.730261,0.7,2.365869810955864,13.0,0.16320740118943775,30527.07288003642,0.5,403.02189859535804,11,2.367895779109451,33.062652952632796,30015.549817364208,1,0.12818813322077008,0,
TIC 402898317,0.730261,0.7,3.550491223608884,0.8,0.010043532380888478,123.26631072401284,0.1,1.4208157097833085,7,3.411414233731415,4.50166086791416,452.5313741778891,0,0.09994995791939104,0,
TIC 402898317,0.730261,0.7,3.550491223608884,0.8,0.010043532380888478,116.22626439167227,0.5,1.3396693822276216,7,1.0137773692017455,4.630203302545327,410.1479162543775,0,0.0674503026178071,0,
TIC 402898317,0.730261,0.7,3.550491223608884,1.5,0.018831623214165892,433.34957119078865,0.1,4.994956650842554,7,3.411414233731415,4.100888743275701,438.03576485601513,0,0.07704183648050471,0,
TIC 402898317,0.730261,0.7,3.550491223608884,1.5,0.018831623214165892,408.5982419594902,0.5,4.709663149290576,7,0.5064269833541477,6.260337267546069,353.6715795147138,0,0.07010436789667943,0,
TIC 402898317,0.730261,0.7,3.550491223608884,2.5,0.031386038690276494,1203.6722932649013,0.1,13.87399763695953,7,3.54996004218905,11.24012437116305,1204.1235744120193,1,0.15807198175174544,0,
TIC 402898317,0.730261,0.7,3.550491223608884,2.5,0.031386038690276494,1134.8588955414352,0.5,13.080827500246569,7,3.54996004218905,11.078172817658748,1267.3058971119922,1,0.5047473613552478,1,
TIC 402898317,0.730261,0.7,3.550491223608884,4.0,0.050217661904442386,3080.9141092057457,0.1,35.511821041301204,7,3.54996004218905,16.716230721737958,3055.8962333897543,1,0.7924646313730741,1,
TIC 402898317,0.730261,0.7,3.550491223608884,4.0,0.050217661904442386,2904.359496285647,0.5,33.47678351808667,7,3.54996004218905,16.298398298303223,2392.2333843080514,1,0.8958852316271937,1,
TIC 402898317,0.730261,0.7,3.550491223608884,6.0,0.07532649285666357,6929.807955179057,0.1,79.87567690367898,7,3.54996004218905,22.297627197377782,6954.548034435626,1,0.7458199640782974,1,
TIC 402898317,0.730261,0.7,3.550491223608884,6.0,0.07532649285666357,6530.692366531254,0.5,75.27531452534959,7,3.54996004218905,21.672070210790427,6427.825595881731,1,0.7636157786409222,1,
TIC 402898317,0.730261,0.7,3.550491223608884,9.0,0.11298973928499537,15580.625048856045,0.1,179.5883782651862,7,3.54996004218905,32.31765145058473,15751.9015173887,1,0.6691478582096647,1,
TIC 402898317,0.730261,0.7,3.550491223608884,9.0,0.11298973928499537,14673.097533434488,0.5,169.127861166897,7,3.54996004218905,37.25205476362253,15124.765298310416,1,0.7627169665241851,1,
TIC 402898317,0.730261,0.7,3.550491223608884,13.0,0.16320740118943775,32460.572186618465,0.1,374.1532511227997,7,3.54996004218905,43.5486542049604,32203.106355806256,1,0.08063445693119546,0,
TIC 402898317,0.730261,0.7,3.550491223608884,13.0,0.16320740118943775,30527.11027049426,0.5,351.8674128547297,7,3.54996004218905,41.07082009371611,30141.4485300594,1,0.09306821407498629,0,
TIC 402898317,0.730261,0.7,5.328267798400374,0.8,0.010043532380888478,123.26661750217127,0.1,1.2406978708343492,4,1.0137773692017455,4.839683412429938,418.6011197977457,0,0.06665791132495658,0,
TIC 402898317,0.730261,0.7,5.328267798400374,0.8,0.010043532380888478,116.22643189657111,0.5,1.1698372966728745,4,1.0137773692017455,4.764031743225044,417.0076963796454,0,0.0674503026178071,0,
TIC 402898317,0.730261,0.7,5.328267798400374,1.5,0.018831623214165892,433.349506049896,0.1,4.361730859320062,4,1.0137773692017455,4.306128909168837,410.1479162543775,0,0.0674503026178071,0,
TIC 402898317,0.730261,0.7,5.328267798400374,1.5,0.018831623214165892,408.5929734950478,0.5,4.112552469805963,4,1.0137773692017455,4.434662714990226,410.1479162543775,0,0.0674503026178071,0,
TIC 402898317,0.730261,0.7,5.328267798400374,2.5,0.031386038690276494,1203.6723874293552,0.1,12.115151681187273,4,5.333795617842762,11.07508592307592,1248.1881016410678,1,0.39875145639824433,0,
TIC 402898317,0.730261,0.7,5.328267798400374,2.5,0.031386038690276494,1134.8494299858735,0.5,11.422437802158779,4,5.322682958856251,8.165105727184265,1010.0731962687793,1,0.1726563457286781,0,
TIC 402898317,0.730261,0.7,5.328267798400374,4.0,0.050217661904442386,3080.907469701688,0.1,31.009817705342616,4,5.333795617842762,14.950828473111423,3085.600902120955,1,0.7530792091544168,1,
TIC 402898317,0.730261,0.7,5.328267798400374,4.0,0.050217661904442386,2904.358192831857,0.5,29.232821497055443,4,5.322682958856251,15.378411530186666,2508.07161537836,1,0.8648583208649876,1,
TIC 402898317,0.730261,0.7,5.328267798400374,6.0,0.07532649285666357,6929.810877382203,0.1,69.74963518165303,4,5.333795617842762,19.629047977492313,7382.690868298902,1,0.5538378197710631,1,
TIC 402898317,0.730261,0.7,5.328267798400374,6.0,0.07532649285666357,6530.700370291908,0.5,65.73252522594403,4,5.322682958856251,17.93173655693335,5811.021495523816,1,0.6415602933171652,1,
TIC 402898317,0.730261,0.7,5.328267798400374,9.0,0.11298973928499537,15580.624284258882,0.1,156.82143119899797,4,5.322682958856251,27.008516369923328,15345.317460898956,1,0.5276534330296457,1,
TIC 402898317,0.730261,0.7,5.328267798400374,9.0,0.11298973928499537,14673.097324827799,0.5,147.6870297762358,4,5.322682958856251,24.675386813343646,14126.365093611093,1,0.5116530059175619,1,
TIC 402898317,0.730261,0.7,5.328267798400374,13.0,0.16320740118943775,32460.56453185364,0.1,326.7206816966679,4,5.322682958856251,32.401350422395616,30982.76309448522,1,0.038787652722696984,0,
TIC 402898317,0.730261,0.7,5.328267798400374,13.0,0.16320740118943775,30526.948999914373,0.5,307.2585375890223,4,5.322682958856251,32.100295227360924,28934.058620569635,1,0.04085787665591113,0,
TIC 402898317,0.730261,0.7,7.996199946274763,0.8,0.010043532380888478,123.26660196293471,0.1,1.0835226347565636,3,1.0137773692017455,4.614111011654898,413.4359513623398,0,0.0674503026178071,0,
TIC 402898317,0.730261,0.7,7.996199946274763,0.8,0.010043532380888478,116.22540933065028,0.5,1.0216300257994722,3,3.411414233731415,4.697812326552489,454.63481706387034,0,0.09850789940481744,0,
TIC 402898317,0.730261,0.7,7.996199946274763,1.5,0.018831623214165892,433.3494193869969,0.1,3.8091737517483772,3,13.020366318851746,4.362637199174202,813.4578650248469,0,0.11488354081223039,0,
TIC 402898317,0.730261,0.7,7.996199946274763,1.5,0.018831623214165892,408.597631388008,0.5,3.591603687184866,3,0.5064269833541477,4.484082560612062,298.46798824861855,0,0.0493195950434485,0,
TIC 402898317,0.730261,0.7,7.996199946274763,2.5,0.031386038690276494,1203.6672204890353,0.1,10.580324737973648,3,7.985776338567746,8.554156784165189,1272.8901098544297,1,0.18565495285002334,0,
TIC 402898317,0.730261,0.7,7.996199946274763,2.5,0.031386038690276494,1134.861839497847,0.5,9.975520301818113,3,8.004866995437892,6.680651332621824,1117.5804868347461,0,0.1992719316798953,0,
TIC 402898317,0.730261,0.7,7.996199946274763,4.0,0.050217661904442386,3080.913664932794,0.1,27.081461146217553,3,7.985776338567746,15.956074483237394,2834.502365330227,1,0.7930189143373484,1,
TIC 402898317,0.730261,0.7,7.996199946274763,4.0,0.050217661904442386,2904.3589351708256,0.5,25.529531889435223,3,7.985776338567746,16.421790313352265,2765.4014748836885,1,0.7026985877347365,1,
TIC 402898317,0.730261,0.7,7.996199946274763,6.0,0.07532649285666357,6929.810052702545,0.1,60.91354776636546,3,8.004866995437892,20.78007407681572,6987.561076580828,1,0.5656003633294301,1,
TIC 402898317,0.730261,0.7,7.996199946274763,6.0,0.07532649285666357,6530.709959450154,0.5,57.40542814851106,3,8.004866995437892,18.236407564242608,6129.949070159179,1,0.6372033455408503,1,
TIC 402898317,0.730261,0.7,7.996199946274763,9.0,0.11298973928499537,15580.596163765837,0.1,136.95460357962838,3,8.004866995437892,24.552862588447724,14705.109908165981,1,0.4013782718084634,0,
TIC 402898317,0.730261,0.7,7.996199946274763,9.0,0.11298973928499537,14673.094947764697,0.5,128.97760013386122,3,8.004866995437892,25.20719399472813,13660.83003010099,1,0.4717981117263508,0,
TIC 402898317,0.730261,0.7,7.996199946274763,13.0,0.16320740118943775,32460.571739139854,0.1,285.3308492033644,3,8.004866995437892,31.732915736600106,31275.339627006015,1,0.038967452246570354,0,
TIC 402898317,0.730261,0.7,7.996199946274763,13.0,0.16320740118943775,30527.08870023413,0.5,268.335388930985,3,8.004866995437892,31.845905945430424,28598.334955192706,1,0.03963128266182584,0,
TIC 402898317,0.730261,0.7,12.0,0.8,0.010043532380888478,123.2647547851906,0.1,0.9463014162154308,2,1.0137773692017455,4.679090879332846,410.1479162543775,0,0.0674503026178071,0,
TIC 402898317,0.730261,0.7,12.0,0.8,0.010043532380888478,0.0,0.5,0.0,2,1.0137773692017455,4.678621504527472,410.1479162543775,0,0.0674503026178071,0,
TIC 402898317,0.730261,0.7,12.0,1.5,0.018831623214165892,0.0,0.1,0.0,2,1.0137773692017455,4.678621504527472,410.1479162543775,0,0.0674503026178071,0,
TIC 402898317,0.730261,0.7,12.0,1.5,0.018831623214165892,408.5962416676692,0.5,3.136786365447519,2,1.0137773692017455,4.455315946020986,410.1479162543775,0,0.0674503026178071,0,
TIC 402898317,0.730261,0.7,12.0,2.5,0.031386038690276494,1203.6722832429182,0.1,9.240571550862175,2,12.01474670435703,6.593868222059115,882.1319669216621,0,0.10146234983972086,0,
TIC 402898317,0.730261,0.7,12.0,2.5,0.031386038690276494,0.0,0.5,0.0,2,1.0137773692017455,4.678621504527472,410.1479162543775,0,0.0674503026178071,0,
TIC 402898317,0.730261,0.7,12.0,4.0,0.050217661904442386,3080.913396735885,0.1,23.65211950203413,2,7.320114712770945,2.8889682134187953,1320.7082194223174,0,0.6281016806686581,0,
TIC 402898317,0.730261,0.7,12.0,4.0,0.050217661904442386,2904.3583735258726,0.5,22.29670960571188,2,11.981947140343223,15.089328602359455,2980.223168544627,1,0.7412541397383463,1,
TIC 402898317,0.730261,0.7,12.0,6.0,0.07532649285666357,6929.779582829143,0.1,53.19979944567132,2,5.995828957790455,15.362747649583845,6738.768370675108,1,0.6252359623536298,1,
TIC 402898317,0.730261,0.7,12.0,6.0,0.07532649285666357,6530.714904099066,0.5,50.13618672602636,2,12.01474670435703,17.73007953940764,6150.5352055555295,1,0.28481952865310495,0,
TIC 402898317,0.730261,0.7,12.0,9.0,0.11298973928499537,15580.583073762755,0.1,119.61187002608828,2,8.062505332766419,1.8562247189415244,7885.042535715536,0,0.7500309556677096,0,
TIC 402898317,0.730261,0.7,12.0,9.0,0.11298973928499537,9340.593683200726,0.5,71.70757809975136,2,4.588326074500216,4.947100007707758,824.3485383742088,0,0.22371701154919071,0,
TIC 402898317,0.730261,0.7,12.0,13.0,0.16320740118943775,32460.502072723553,0.1,249.19871974768822,2,5.995828957790455,25.95603150066035,32135.33409986491,1,0.042915133749424586,0,
TIC 402898317,0.730261,0.7,12.0,13.0,0.16320740118943775,30526.925428155828,0.5,234.35468488708142,2,12.01474670435703,29.793192768977157,28932.525929442065,1,0.035568761004914094,0,
TIC 461387302,1.26669,1.287,0.7,0.8,0.005790209127726595,40.95443913909591,0.1,1.3816843388130182,33,3.145004925893159,4.525396000041989,219.23344032603876,0,0.059926467717142974,0,
TIC 461387302,1.26669,1.287,0.7,0.8,0.005790209127726595,38.61668347393543,0.5,1.3028152233173016,33,7.160308321432443,4.20437140188361,334.0756728357208,0,0.0807402589846582,0,
TIC 461387302,1.26669,1.287,0.7,1.5,0.010856642114487364,144.0105010545034,0.1,4.85849783599345,33,0.8160516344224125,4.5280181856667365,171.17476438877065,0,0.03432770144391547,0,
TIC 461387302,1.26669,1.287,0.7,1.5,0.010856642114487364,135.8067981463984,0.5,4.581728624482435,33,0.8160516344224125,4.844043181534201,166.6526735827345,0,0.034350221751574386,0,
TIC 461387302,1.26669,1.287,0.7,2.5,0.018094403524145607,399.91388587556906,0.1,13.491937982875482,33,1.3995677877210135,10.314345650182188,368.3184457687894,1,0.04591160955371676,0,
TIC 461387302,1.26669,1.287,0.7,2.5,0.018094403524145607,377.22683688357074,0.5,12.726542559447406,33,1.3995677877210135,10.417524355109984,366.5903329725939,1,0.06499437828436916,0,
TIC 461387302,1.26669,1.287,0.7,4.0,0.028951045638632975,1023.8406742504313,0.1,34.54142346442619,33,1.3995677877210135,17.59729659384113,1045.4874089531606,1,0.1227272603753637,0,
TIC 461387302,1.26669,1.287,0.7,4.0,0.028951045638632975,965.1581234182415,0.5,32.56164390570592,33,1.3995677877210135,16.758152094421394,870.072267093569,1,0.18735719501159304,0,
TIC 461387302,1.26669,1.287,0.7,6.0,0.043426568457949455,2304.040273396701,0.1,77.73165568046313,33,1.3995677877210135,18.723134672347292,2116.7673401211173,1,0.10056822038417822,0,
TIC 461387302,1.26669,1.287,0.7,6.0,0.043426568457949455,2172.0111114230667,0.5,73.27737357575636,33,1.3995677877210135,19.512128714212963,2057.4058011972875,1,0.1353283843890659,0,
TIC 461387302,1.26669,1.287,0.7,9.0,0.06513985268692418,5182.615194551654,0.1,174.84644885713064,33,1.3995677877210135,18.943957306226014,5013.131408203031,1,0.07212993796426635,0,
TIC 461387302,1.26669,1.287,0.7,9.0,0.06513985268692418,4885.037850473562,0.5,164.8070498434649,33,1.3995677877210135,19.634255576978425,4466.921302137661,1,0.08655154420090629,0,
TIC 461387302,1.26669,1.287,0.7,13.0,0.09409089832555716,10808.82799061833,0.1,364.6585979321707,33,1.3995677877210135,19.346876285894954,11126.418337555011,1,0.11042379809600009,0,
TIC 461387302,1.26669,1.287,0.7,13.0,0.09409089832555716,10183.16768401939,0.5,343.5506285589685,33,1.3995677877210135,20.254729195795573,9707.576452566702,1,0.1050806175411329,0,
TIC 461387302,1.26669,1.287,1.0504989940769753,0.8,0.005790209127726595,40.969581175498426,0.1,1.2017061584272086,22,0.8362397275500181,4.079276714784316,152.65408789377767,0,0.03507531339820136,0,
TIC 461387302,1.26669,1.287,1.0504989940769753,0.8,0.005790209127726595,38.62794838549455,0.5,1.1330221625506383,22,3.145004925893159,5.258493217333619,230.33544075667933,0,0.06453413515621888,0,
TIC 461387302,1.26669,1.287,1.0504989940769753,1.5,0.010856642114487364,144.0333841034036,0.1,4.224739422029642,22,1.0498598757633983,8.561189171737878,249.67018543875508,1,0.045739260764033514,0,
TIC 461387302,1.26669,1.287,1.0504989940769753,1.5,0.010856642114487364,135.80729625206624,0.5,3.98345454317354,22,0.8362397275500181,4.394637270664882,165.60777686813742,0,0.04463659790670008,0,
TIC 461387302,1.26669,1.287,1.0504989940769753,2.5,0.018094403524145607,400.0847670966312,0.1,11.735153611979486,22,1.0498598757633983,11.258389622914693,407.8139669152492,1,0.03068034916129141,0,
TIC 461387302,1.26669,1.287,1.0504989940769753,2.5,0.018094403524145607,377.2311378079651,0.5,11.064818542139264,22,1.051847410887327,13.595065706244892,356.1060477663691,1,0.03647483273667659,0,
TIC 461387302,1.26669,1.287,1.0504989940769753,4.0,0.028951045638632975,1024.1651501919912,0.1,30.040472294802992,22,1.051847410887327,16.006530927836227,919.8445993678916,1,0.0398819106130937,0,
TIC 461387302,1.26669,1.287,1.0504989940769753,4.0,0.028951045638632975,965.6296406452825,0.5,28.32352815501222,22,1.0498598757633983,17.48381015006392,970.3653022394842,1,0.3161804567439899,0,
TIC 461387302,1.26669,1.287,1.0504989940769753,6.0,0.043426568457949455,2304.118809565825,0.1,67.58364825216047,22,1.0498598757633983,19.316629629822287,2156.080141044847,1,0.044117655094757104,0,
TIC 461387302,1.26669,1.287,1.0504989940769753,6.0,0.043426568457949455,2172.2234683927422,0.5,63.714937877099544,22,1.0498598757633983,19.927087093496695,1995.3783054320606,1,0.11194908155828852,0,
TIC 461387302,1.26669,1.287,1.0504989940769753,9.0,0.06513985268692418,5182.855812021603,0.1,152.02180663910192,22,1.0498598757633983,26.56623939677409,5194.800906007879,1,0.04431030932373125,0,
TIC 461387302,1.26669,1.287,1.0504989940769753,9.0,0.06513985268692418,4885.135850895672,0.5,143.28918354395287,22,1.0498598757633983,25.58826252013756,4705.108407661695,1,0.18583930745742705,0,
TIC 461387302,1.26669,1.287,1.0504989940769753,13.0,0.09409089832555716,10808.748787537792,0.1,317.0386323266769,22,1.0498598757633983,28.740671593383755,10741.571458705024,1,0.09275065467460838,0,
TIC 461387302,1.26669,1.287,1.0504989940769753,13.0,0.09409089832555716,10183.08081476349,0.5,298.68674699026553,22,1.0498598757633983,28.271964551059565,9517.536656096005,1,0.21260636452887618,0,
TIC 461387302,1.26669,1.287,1.576497337938196,0.8,0.005790209127726595,40.95453974017893,0.1,1.0465087615378483,15,7.160308321432443,4.2099701190686964,332.5530874378479,0,0.07778990148673946,0,
TIC 461387302,1.26669,1.287,1.576497337938196,0.8,0.005790209127726595,38.59948497086929,0.5,0.9863301960938295,15,7.160308321432443,4.138338676986758,330.24167116058044,0,0.07272425024903068,0,
TIC 461387302,1.26669,1.287,1.576497337938196,1.5,0.010856642114487364,144.03201342494398,0.1,3.680440921748773,15,7.160308321432443,4.314741453790618,345.42954797922573,0,0.088006576355027,0,
TIC 461387302,1.26669,1.287,1.576497337938196,1.5,0.010856642114487364,135.80726434614388,0.5,3.4702744291689434,15,1.576203307397519,6.7273507210850845,226.73353202462553,0,0.049037441019711955,0,
TIC 461387302,1.26669,1.287,1.576497337938196,2.5,0.018094403524145607,399.9479959836405,0.1,10.21984582446086,15,1.576203307397519,10.956723822119201,393.5976965482313,1,0.052409063669719924,0,
TIC 461387302,1.26669,1.287,1.576497337938196,2.5,0.018094403524145607,377.17871246212286,0.5,9.638023763942607,15,1.576203307397519,10.02888037402659,391.4638510951196,1,0.06792011608285169,0,
TIC 461387302,1.26669,1.287,1.576497337938196,4.0,0.028951045638632975,1023.7772129987333,0.1,26.160514318144635,15,1.576203307397519,13.945583006096792,1005.86394706903,1,0.306422139837909,0,
TIC 461387302,1.26669,1.287,1.576497337938196,4.0,0.028951045638632975,965.3889894216671,0.5,24.668523737083753,15,1.576203307397519,15.562309971897973,956.291033081591,1,0.2801572758992465,0,
TIC 461387302,1.26669,1.287,1.576497337938196,6.0,0.043426568457949455,2303.9745716134653,0.1,58.87331638569083,15,1.576203307397519,21.177185837116333,2250.3164268143914,1,0.21198307065375854,0,
TIC 461387302,1.26669,1.287,1.576497337938196,6.0,0.043426568457949455,2172.222188171369,0.5,55.50665607158702,15,1.576203307397519,21.8982611400589,2056.833589832441,1,0.2861611616742512,0,
TIC 461387302,1.26669,1.287,1.576497337938196,9.0,0.06513985268692418,5182.467276761083,0.1,132.42725827029332,15,1.576203307397519,29.330370893215484,5416.552656269613,1,0.31635924947964783,0,
TIC 461387302,1.26669,1.287,1.576497337938196,9.0,0.06513985268692418,4882.001168501016,0.5,124.74946682557945,15,1.576203307397519,28.619785192636442,4855.1483973166,1,0.3236840482168369,0,
TIC 461387302,1.26669,1.287,1.576497337938196,13.0,0.09409089832555716,10808.801727488548,0.1,276.1966263399345,15,1.576203307397519,31.78310079731277,10378.4052121485,1,0.48004297449384564,0,
TIC 461387302,1.26669,1.287,1.576497337938196,13.0,0.09409089832555716,10183.151188938644,0.5,260.2094177323622,15,1.576203307397519,32.067769333705535,10087.898229502624,1,0.6744757613916433,1,
TIC 461387302,1.26669,1.287,2.365869810955864,0.8,0.005790209127726595,40.969339820784434,0.1,0.9130362391355292,10,0.8362397275500181,4.299090905485326,152.9686009189568,0,0.035074691796575935,0,
TIC 461387302,1.26669,1.287,2.365869810955864,0.8,0.005790209127726595,38.627579936223455,0.5,0.8608481480578862,10,0.8362397275500181,4.153168401778473,179.8550039459057,0,0.044230902527770975,0,
TIC 461387302,1.26669,1.287,2.365869810955864,1.5,0.010856642114487364,144.03339194191122,0.1,3.209905433278673,10,0.8362397275500181,4.09847590496451,157.27572379742315,0,0.040157760554171675,0,
TIC 461387302,1.26669,1.287,2.365869810955864,1.5,0.010856642114487364,135.80710979188558,0.5,3.026575808022746,10,0.8160516344224125,4.160574722601133,150.77841658128756,0,0.03491111826550075,0,
TIC 461387302,1.26669,1.287,2.365869810955864,2.5,0.018094403524145607,400.0479341889074,0.1,8.915405103024778,10,2.363278566285218,11.36956728045282,491.33046862992467,1,0.06402956706515947,0,
TIC 461387302,1.26669,1.287,2.365869810955864,2.5,0.018094403524145607,377.22600292244834,0.5,8.406799145875176,10,2.363278566285218,8.084190121259788,306.09645870838256,1,0.04027628081228094,0,
TIC 461387302,1.26669,1.287,2.365869810955864,4.0,0.028951045638632975,1024.0026558631098,0.1,22.820761522247686,10,2.363278566285218,13.611611442068297,990.2782295120315,1,0.20906998425720288,0,
TIC 461387302,1.26669,1.287,2.365869810955864,4.0,0.028951045638632975,965.6107924788105,0.5,21.51944967358887,10,2.363278566285218,13.382034394591194,919.6829200471823,1,0.42593915698186263,0,
TIC 461387302,1.26669,1.287,2.365869810955864,6.0,0.043426568457949455,2303.7439085288324,0.1,51.34087303763336,10,2.363278566285218,16.720130405845232,2175.187526718414,1,0.2817972515903039,0,
TIC 461387302,1.26669,1.287,2.365869810955864,6.0,0.043426568457949455,2171.8779411115106,0.5,48.40212890635497,10,2.363278566285218,18.881327302851663,2207.600487672656,1,0.46659628026474936,0,
TIC 461387302,1.26669,1.287,2.365869810955864,9.0,0.06513985268692418,5183.017599696637,0.1,115.50791194832748,10,2.363278566285218,21.429235351489204,5243.049412175238,1,0.32825260302990056,0,
TIC 461387302,1.26669,1.287,2.365869810955864,9.0,0.06513985268692418,4884.5585933922075,0.5,108.85650165359588,10,2.363278566285218,22.749858547796798,4977.587567445263,1,0.4234271114029913,0,
TIC 461387302,1.26669,1.287,2.365869810955864,13.0,0.09409089832555716,10808.29133236827,0.1,240.87187425412893,10,2.363278566285218,27.410253502704293,10596.498782237784,1,0.42047791176847527,0,
TIC 461387302,1.26669,1.287,2.365869810955864,13.0,0.09409089832555716,10180.089955736827,0.5,226.87187755297742,10,2.363278566285218,24.780873753370813,9893.464651245298,1,0.516997447437546,1,
TIC 461387302,1.26669,1.287,3.550491223608884,0.8,0.005790209127726595,40.96777101447735,0.1,0.7967709030074108,6,1.5727957084407822,4.029569465862752,177.16881866380874,0,0.05179438828224544,0,
TIC 461387302,1.26669,1.287,3.550491223608884,0.8,0.005790209127726595,38.59336261546886,0.5,0.7505916875573484,6,0.8362397275500181,4.2398425433544595,180.28855454388372,0,0.04421474137705356,0,
TIC 461387302,1.26669,1.287,3.550491223608884,1.5,0.010856642114487364,144.03338126789401,0.1,2.801265590346023,6,5.42667889465738,3.9219703819472533,342.0260331149505,0,0.0817520176780101,0,
TIC 461387302,1.26669,1.287,3.550491223608884,1.5,0.010856642114487364,135.77089885774552,0.5,2.6405708440126086,6,0.8362397275500181,3.9015461766705264,153.54477170159697,0,0.03646948588675907,0,
TIC 461387302,1.26669,1.287,3.550491223608884,2.5,0.018094403524145607,400.06864889241547,0.1,7.780825042453955,6,3.544397044142045,11.840342990142226,560.0140916383057,1,0.21958844829893667,0,
TIC 461387302,1.26669,1.287,3.550491223608884,2.5,0.018094403524145607,377.20562180521,0.5,7.33616832116643,6,3.554469536323472,7.136039371691903,343.6457033292317,1,0.08257079024291465,0,
TIC 461387302,1.26669,1.287,3.550491223608884,4.0,0.028951045638632975,1023.9692997794369,0.1,19.914897087000735,6,3.554469536323472,11.987951731684195,904.2647205614874,1,0.8561298018356335,1,
TIC 461387302,1.26669,1.287,3.550491223608884,4.0,0.028951045638632975,965.467241784812,0.5,18.777106662432676,6,3.554469536323472,13.27892987184437,870.8584548909881,1,0.8507706324608159,1,
TIC 461387302,1.26669,1.287,3.550491223608884,6.0,0.043426568457949455,2304.127413562562,0.1,44.81233990737765,6,3.554469536323472,16.02131050420836,2137.369522974386,1,0.766982098234752,1,
TIC 461387302,1.26669,1.287,3.550491223608884,6.0,0.043426568457949455,2172.1793308079327,0.5,42.24611796161079,6,3.554469536323472,15.698538459665539,2045.3099491736236,1,0.4047502365280948,0,
TIC 461387302,1.26669,1.287,3.550491223608884,9.0,0.06513985268692418,5182.889041225436,0.1,100.80058248971072,6,3.554469536323472,21.168784086615084,5229.785400789333,1,0.21152133471109186,0,
TIC 461387302,1.26669,1.287,3.550491223608884,9.0,0.06513985268692418,4885.207677213121,0.5,95.01105957110349,6,3.554469536323472,20.802204417456927,4733.6487442227735,1,0.42542635414771995,0,
TIC 461387302,1.26669,1.287,3.550491223608884,13.0,0.09409089832555716,10807.999006331558,0.1,210.20179801666114,6,3.554469536323472,25.126158516122057,10850.098418213716,1,0.3213453178531969,0,
TIC 461387302,1.26669,1.287,3.550491223608884,13.0,0.09409089832555716,10182.779709170141,0.5,198.04207998365126,6,3.554469536323472,24.72567137028217,9975.631827241483,1,0.4106354604176911,0,
TIC 461387302,1.26669,1.287,5.328267798400374,0.8,0.005790209127726595,40.969313489847,0.1,0.6956146135866722,4,0.8362397275500181,4.23062434711929,180.5248717966501,0,0.04438028151936674,0,
TIC 461387302,1.26669,1.287,5.328267798400374,0.8,0.005790209127726595,38.62370556428907,0.5,0.6557887289970471,4,0.8362397275500181,4.2262494549118355,180.59834506456428,0,0.04438028151936674,0,
TIC 461387302,1.26669,1.287,5.328267798400374,1.5,0.010856642114487364,144.03067498114376,0.1,2.4454850176209293,4,3.145004925893159,4.964928387296486,228.90416830667615,0,0.06517490311246438,0,
TIC 461387302,1.26669,1.287,5.328267798400374,1.5,0.010856642114487364,135.80660520073894,0.5,2.305849211328402,4,7.160308321432443,4.148698562527072,327.96718638561373,0,0.07205622726704278,0,
TIC 461387302,1.26669,1.287,5.328267798400374,2.5,0.018094403524145607,399.9349959364906,0.1,6.79046349475914,4,5.338933285701366,5.657990202219556,363.25583692708994,0,0.10275630634740432,0,
TIC 461387302,1.26669,1.287,5.328267798400374,2.5,0.018094403524145607,377.17914185775305,0.5,6.4040937147105055,4,5.321611580265562,6.061685549968386,422.0112142456767,0,0.13413535963004444,0,
TIC 461387302,1.26669,1.287,5.328267798400374,4.0,0.028951045638632975,1024.1659667620252,0.1,17.389229951200903,4,5.321611580265562,11.775984781131166,1066.8741654773494,1,0.7221024345477225,1,
TIC 461387302,1.26669,1.287,5.328267798400374,4.0,0.028951045638632975,965.3466157800716,0.5,16.39054101503237,4,5.321611580265562,13.23751405077186,1070.001045922142,1,0.8976719384317151,1,
TIC 461387302,1.26669,1.287,5.328267798400374,6.0,0.043426568457949455,2303.680845910039,0.1,39.11400814299352,4,5.338933285701366,15.652172062265894,2465.69452560641,1,0.7670086328755815,1,
TIC 461387302,1.26669,1.287,5.328267798400374,6.0,0.043426568457949455,2171.8013874578724,0.5,36.87483763421851,4,5.321611580265562,17.17351287794702,2248.253170643144,1,0.8928473922291618,1,
TIC 461387302,1.26669,1.287,5.328267798400374,9.0,0.06513985268692418,5181.200995450386,0.1,87.97118675806645,4,5.321611580265562,20.055393051701568,4975.078480417228,1,0.5869198155086447,1,
TIC 461387302,1.26669,1.287,5.328267798400374,9.0,0.06513985268692418,4884.531330918151,0.5,82.93405685576481,4,5.321611580265562,19.13054314434874,4868.548330575928,1,0.3646922614496364,0,
TIC 461387302,1.26669,1.287,5.328267798400374,13.0,0.09409089832555716,10808.576773215007,0.1,183.51793855137683,4,5.321611580265562,26.990104495758963,10741.018587594686,1,0.3245937866444796,0,
TIC 461387302,1.26669,1.287,5.328267798400374,13.0,0.09409089832555716,10180.230745501673,0.5,172.8493028815395,4,5.321611580265562,26.47667030458916,9371.40051730434,1,0.38553747605553107,0,
TIC 461387302,1.26669,1.287,7.996199946274763,0.8,0.005790209127726595,40.96825665500514,0.1,0.6073887973196972,2,7.160308321432443,4.170940613747954,327.96718638561373,0,0.07205622726704278,0,
TIC 461387302,1.26669,1.287,7.996199946274763,0.8,0.005790209127726595,38.5642070303005,0.5,0.5717467434597405,2,7.160308321432443,4.173450764414563,327.96718638561373,0,0.07205622726704278,0,
TIC 461387302,1.26669,1.287,7.996199946274763,1.5,0.010856642114487364,144.03135576190886,0.1,2.13538576193877,2,0.8362397275500181,4.0400866784935054,180.11731642120222,0,0.044230902527770975,0,
TIC 461387302,1.26669,1.287,7.996199946274763,1.5,0.010856642114487364,135.79553713516378,0.5,2.013282836916436,2,3.909427567867507,4.302071631599912,278.0155548219865,0,0.07513706806339887,0,
TIC 461387302,1.26669,1.287,7.996199946274763,2.5,0.018094403524145607,400.082256760137,0.1,5.931555321205049,2,8.019051320121173,8.25060778092521,475.9556276175969,1,0.11925330838368281,0,
TIC 461387302,1.26669,1.287,7.996199946274763,2.5,0.018094403524145607,377.23437611980603,0.5,5.592816310162967,2,7.160308321432443,4.2970969505317775,327.96718638561373,0,0.07205622726704278,0,
TIC 461387302,1.26669,1.287,7.996199946274763,4.0,0.028951045638632975,1023.8499713163262,0.1,15.179435335763905,2,7.989265322613934,9.889613211144688,1064.3773210361474,1,0.6776273275720317,1,
TIC 461387302,1.26669,1.287,7.996199946274763,4.0,0.028951045638632975,965.5924116853676,0.5,14.31571810764247,2,7.989265322613934,11.735028487401426,853.4429379448704,1,0.7253614805896673,1,
TIC 461387302,1.26669,1.287,7.996199946274763,6.0,0.043426568457949455,2304.1238162160303,0.1,34.16056986247539,2,7.989265322613934,15.383682823026888,2377.55752916613,1,0.8044957946095284,1,
TIC 461387302,1.26669,1.287,7.996199946274763,6.0,0.043426568457949455,2172.1802199324848,0.5,32.204395282346965,2,7.989265322613934,15.531656242709172,2043.0496820897924,1,0.872281463304764,1,
TIC 461387302,1.26669,1.287,7.996199946274763,9.0,0.06513985268692418,5179.733490796479,0.1,76.79389733141271,2,7.989265322613934,20.659259181793118,5111.025672573377,1,0.28895452834693586,0,
TIC 461387302,1.26669,1.287,7.996199946274763,9.0,0.06513985268692418,4884.655538094363,0.5,72.41911896784764,2,7.989265322613934,20.28462931917214,4762.080906989819,1,0.5480938335006565,1,
TIC 461387302,1.26669,1.287,7.996199946274763,13.0,0.09409089832555716,10801.725755217318,0.1,160.14465225327322,2,7.989265322613934,24.68699242798661,10922.265236788076,1,0.19094767703649917,0,
TIC 461387302,1.26669,1.287,7.996199946274763,13.0,0.09409089832555716,10183.10318599991,0.5,150.97305333765576,2,7.989265322613934,24.361223757530293,9135.967473402396,1,0.4158918100851733,0,
TIC 461387302,1.26669,1.287,12.0,0.8,0.005790209127726595,40.966211434345645,0.1,0.5304039012101353,1,7.160308321432443,4.12755961150328,307.8109311498434,0,0.07970695943894777,0,
TIC 461387302,1.26669,1.287,12.0,0.8,0.005790209127726595,38.59286703411513,0.5,0.4996753792228152,1,7.160308321432443,4.0941235285293525,327.96718638561373,0,0.11652033245503145,0,
TIC 461387302,1.26669,1.287,12.0,1.5,0.010856642114487364,144.02715864580972,0.1,1.864770115449382,1,8.293908854925741,5.081843132797249,372.36525368977703,0,0.1291830960273115,0,
TIC 461387302,1.26669,1.287,12.0,1.5,0.010856642114487364,135.75382279229498,0.5,1.757652335721114,1,1.5727957084407822,4.569797077713013,186.1119749320128,0,0.05249070810277351,0,
TIC 461387302,1.26669,1.287,12.0,2.5,0.018094403524145607,400.065471573452,0.1,5.179787913805674,1,4.911883161908833,4.453614753415137,305.7923081666303,0,0.0664884451189014,0,
TIC 461387302,1.26669,1.287,12.0,2.5,0.018094403524145607,376.6911987445054,0.5,4.8771530090307325,1,3.3413888621895556,4.609913371373646,281.0435601054984,0,0.07557199552508428,0,
TIC 461387302,1.26669,1.287,12.0,4.0,0.028951045638632975,1022.0230932503904,0.1,13.232491285058849,1,5.975474080499283,9.263770679975442,666.9068806143264,1,0.4899216729657575,0,
TIC 461387302,1.26669,1.287,12.0,4.0,0.028951045638632975,964.6596628584136,0.5,12.489786841533181,1,5.995691854257398,8.319103794056183,538.9368442320075,1,0.20410424240094702,0,
TIC 461387302,1.26669,1.287,12.0,6.0,0.043426568457949455,2302.486051443231,0.1,29.811094104336156,1,11.634815658722992,10.133992590041915,1922.2329350099265,0,0.8926562924818261,0,
TIC 461387302,1.26669,1.287,12.0,6.0,0.043426568457949455,2172.223530229944,0.5,28.124539575276884,1,5.995691854257398,12.878499293808785,1381.8518722201745,1,0.8321967504866972,1,
TIC 461387302,1.26669,1.287,12.0,9.0,0.06513985268692418,5177.584967173132,0.1,67.03600770690707,1,5.995691854257398,10.553437472515638,2583.2671959667987,1,0.6201209875596991,1,
TIC 461387302,1.26669,1.287,12.0,9.0,0.06513985268692418,4873.960568992364,0.5,63.104876180240154,1,6.016000938999842,17.07046587006408,3789.70363916431,1,0.4264766826113315,0,
TIC 461387302,1.26669,1.287,12.0,13.0,0.09409089832555716,10805.637158197045,0.1,139.904372483998,1,11.833226353390263,11.471139888684899,6512.822552772191,1,0.11733050653568015,0,
TIC 461387302,1.26669,1.287,12.0,13.0,0.09409089832555716,10156.690347265518,0.5,131.50223061770424,1,11.4408160237356,13.896595726053759,6830.682741287619,0,0.6941592064786026,0,
TIC 309792357,0.878413,0.88,0.7,0.8,0.008349603204870604,85.1928154405046,0.1,3.180354472048515,39,1.6633817436163731,4.5016935584453375,257.6452140231611,0,0.0923660059602159,0,
TIC 309792357,0.878413,0.88,0.7,0.8,0.008349603204870604,80.32710112226837,0.5,2.9987112640890365,39,1.6633817436163731,4.7558390338100605,262.38866483752065,0,0.09674559287310712,0,
TIC 309792357,0.878413,0.88,0.7,1.5,0.01565550600913238,299.4942615859309,0.1,11.180495787850457,39,0.6993517094299323,11.859659572108583,260.9086273780425,1,0.031622959828693176,0,
TIC 309792357,0.878413,0.88,0.7,1.5,0.01565550600913238,282.39094792448236,0.5,10.54200767346218,39,0.6993517094299323,9.49643909777093,219.18729474812437,1,0.03909068779426552,0,
TIC 309792357,0.878413,0.88,0.7,2.5,0.026092510015220633,831.8944397894822,0.1,31.055661069265202,39,0.7001239788108669,21.457681939221025,828.7031100767672,1,0.09490072259725962,0,
TIC 309792357,0.878413,0.88,0.7,2.5,0.026092510015220633,784.3756093447452,0.5,29.28172362947046,39,0.7001239788108669,19.685099903875575,808.4243815018599,1,0.1122220476449985,0,
TIC 309792357,0.878413,0.88,0.7,4.0,0.04174801602435301,2129.4155062878685,0.1,79.49374713412996,39,0.7001239788108669,24.173783981949907,2062.037328852573,1,0.09930986156240626,0,
TIC 309792357,0.878413,0.88,0.7,4.0,0.04174801602435301,2007.6018670838191,0.5,74.94629145731112,39,0.7001239788108669,24.711156371959962,2056.6003546229617,1,0.2141320392971223,0,
TIC 309792357,0.878413,0.88,0.7,6.0,0.06262202403652951,4790.252571705622,0.1,178.8261264743059,39,0.7001239788108669,32.53088238197724,4715.983482215247,1,0.08193233473882494,0,
TIC 309792357,0.878413,0.88,0.7,6.0,0.06262202403652951,4515.091068628463,0.5,168.55400302912903,39,0.7001239788108669,31.663350819258692,4587.7601997048605,1,0.1366247337356084,0,
TIC 309792357,0.878413,0.88,0.7,9.0,0.09393303605479428,10772.62287162184,0.1,402.15550041753266,39,0.7001239788108669,41.07501069035304,10432.59951379727,1,0.18181673441969418,0,
TIC 309792357,0.878413,0.88,0.7,9.0,0.09393303605479428,10148.976078074635,0.5,378.87398473359906,39,0.7001239788108669,40.94701581001025,9940.832574696467,1,0.26908519888422705,0,
TIC 309792357,0.878413,0.88,0.7,13.0,0.1356810520791473,22452.951142013844,0.1,838.196779927521,39,0.7001239788108669,43.594174825378154,21593.720177617626,1,0.35913378695526843,0,
TIC 309792357,0.878413,0.88,0.7,13.0,0.1356810520791473,21133.16770210083,0.5,788.9276115879181,39,0.7001239788108669,43.76224806282239,20568.495288285194,1,0.4092187577177014,0,
TIC 309792357,0.878413,0.88,1.0504989940769753,0.8,0.008349603204870604,85.19322292754872,0.1,2.770162466921084,26,4.0678735718678,4.819747939511529,302.6931347944739,0,0.054521362080793535,0,
TIC 309792357,0.878413,0.88,1.0504989940769753,0.8,0.008349603204870604,80.32709866911958,0.5,2.6119344492824226,26,4.0678735718678,5.052145261531971,303.5014228566224,0,0.07067105890212247,0,
TIC 309792357,0.878413,0.88,1.0504989940769753,1.5,0.01565550600913238,299.5032447545842,0.1,9.738716517930195,26,1.0507496235409823,12.442019517380533,381.8648963019866,1,0.09123059210065693,0,
TIC 309792357,0.878413,0.88,1.0504989940769753,1.5,0.01565550600913238,282.3982572903727,0.5,9.182526804215398,26,1.052078710542702,6.392758703363342,266.3622822483003,0,0.052014307052529525,0,
TIC 309792357,0.878413,0.88,1.0504989940769753,2.5,0.026092510015220633,831.9180155751393,0.1,27.05083788485838,26,1.0507496235409823,19.005787676673826,783.4352830792258,1,0.2724373795655149,0,
TIC 309792357,0.878413,0.88,1.0504989940769753,2.5,0.026092510015220633,784.3810738182855,0.5,25.505115733237947,26,1.0507496235409823,19.042793221779103,852.7426533626592,1,0.24660187720643373,0,
TIC 309792357,0.878413,0.88,1.0504989940769753,4.0,0.04174801602435301,2129.4797304829417,0.1,69.24265359076495,26,1.0507496235409823,22.43132010543104,2201.2229371775047,1,0.109314588051031,0,
TIC 309792357,0.878413,0.88,1.0504989940769753,4.0,0.04174801602435301,2007.6018408431428,0.5,65.27964404815327,26,1.0507496235409823,22.097264035107813,2008.88460303017,1,0.1559692203418599,0,
TIC 309792357,0.878413,0.88,1.0504989940769753,6.0,0.06262202403652951,4790.257073633897,0.1,155.76110277655465,26,1.0507496235409823,29.650369193370803,4922.026520945533,1,0.09952275648087276,0,
TIC 309792357,0.878413,0.88,1.0504989940769753,6.0,0.06262202403652951,4515.146043620688,0.5,146.81552913360528,26,1.0507496235409823,30.148309495107547,4509.145203495657,1,0.11922995465924385,0,
TIC 309792357,0.878413,0.88,1.0504989940769753,9.0,0.09393303605479428,10772.622830750866,0.1,350.28508619073864,26,1.0507496235409823,39.657094978663714,10396.265530362658,1,0.21909091067028147,0,
TIC 309792357,0.878413,0.88,1.0504989940769753,9.0,0.09393303605479428,10149.087006232072,0.5,330.01005164565976,26,1.0507496235409823,39.42941967660453,9661.498393005562,1,0.29482117782961925,0,
TIC 309792357,0.878413,0.88,1.0504989940769753,13.0,0.1356810520791473,22453.801315102774,0.1,730.1129773632182,26,1.0507496235409823,43.23029300389101,22427.956910700654,1,0.18457969998267498,0,
TIC 309792357,0.878413,0.88,1.0504989940769753,13.0,0.1356810520791473,21134.02556843891,0.5,687.1988450821779,26,1.0507496235409823,42.95958475033409,21076.944780038742,1,0.3993438257579051,0,
TIC 309792357,0.878413,0.88,1.576497337938196,0.8,0.008349603204870604,85.19322609212843,0.1,2.4157425837342648,17,4.0678735718678,4.663377729166443,296.7037655888793,0,0.07194460265181396,0,
TIC 309792357,0.878413,0.88,1.576497337938196,0.8,0.008349603204870604,80.32709982586096,0.5,2.2777585094307757,17,1.6633817436163731,4.992077055012383,257.07777503136685,0,0.09165073333767208,0,
TIC 309792357,0.878413,0.88,1.576497337938196,1.5,0.01565550600913238,299.5033249240109,0.1,8.492728461844035,17,1.575925894716725,5.990187510428523,290.02798564692347,0,0.08011902645659584,0,
TIC 309792357,0.878413,0.88,1.576497337938196,1.5,0.01565550600913238,282.39845409638866,0.5,8.007702049029522,17,1.575925894716725,7.551502874538976,303.8334378409058,1,0.09477797468409441,0,
TIC 309792357,0.878413,0.88,1.576497337938196,2.5,0.026092510015220633,831.9179374890462,0.1,23.589898868149078,17,1.575925894716725,15.867439448630721,844.0306016062049,1,0.32167476449220167,0,
TIC 309792357,0.878413,0.88,1.576497337938196,2.5,0.026092510015220633,784.3815239922947,0.5,22.241954393808843,17,1.575925894716725,16.660293956467527,812.7619899580552,1,0.5003617772614136,1,
TIC 309792357,0.878413,0.88,1.576497337938196,4.0,0.04174801602435301,2129.4796881902166,0.1,60.38361264069544,17,1.575925894716725,19.572002566198584,2009.05676113039,1,0.39274823403870945,0,
TIC 309792357,0.878413,0.88,1.576497337938196,4.0,0.04174801602435301,2007.601190867403,0.5,56.9276210140153,17,1.575925894716725,19.59763371187918,2002.3916391105345,1,0.38956782631441594,0,
TIC 309792357,0.878413,0.88,1.576497337938196,6.0,0.06262202403652951,4790.25692613877,0.1,135.83272020932006,17,1.575925894716725,28.277089791581485,4719.146288630905,1,0.4403677153867706,0,
TIC 309792357,0.878413,0.88,1.576497337938196,6.0,0.06262202403652951,4515.146339697185,0.5,128.03167323189555,17,1.575925894716725,25.67549793021684,4428.866734666914,1,0.33506112472028476,0,
TIC 309792357,0.878413,0.88,1.576497337938196,9.0,0.09393303605479428,10772.622839980817,0.1,305.4689313550309,17,1.575925894716725,36.49038974065903,11190.858099847212,1,0.6652533928185517,1,
TIC 309792357,0.878413,0.88,1.576497337938196,9.0,0.09393303605479428,10149.087310923343,0.5,287.7879325349312,17,1.575925894716725,37.05740357379765,10198.598603087139,1,0.44237558176388597,0,
TIC 309792357,0.878413,0.88,1.576497337938196,13.0,0.1356810520791473,22453.80370659411,0.1,636.7009710627862,17,1.575925894716725,41.63734474467628,21712.043904878574,1,0.6223414166828193,1,
TIC 309792357,0.878413,0.88,1.576497337938196,13.0,0.1356810520791473,21134.027627353502,0.5,599.2773468867559,17,1.575925894716725,41.89846597560258,20120.676208534416,1,0.6404233291720445,1,
TIC 309792357,0.878413,0.88,2.365869810955864,0.8,0.008349603204870604,85.19323071576324,0.1,2.108086173818223,11,4.0678735718678,4.694170636418384,298.6561705505819,0,0.07194460265181396,0,
TIC 309792357,0.878413,0.88,2.365869810955864,0.8,0.008349603204870604,80.32700406146454,0.5,1.9876725559473531,11,1.6633817436163731,5.0239058612430805,257.8861926854081,0,0.0923660059602159,0,
TIC 309792357,0.878413,0.88,2.365869810955864,1.5,0.01565550600913238,299.50320945304475,0.1,7.411135480571972,11,2.363257845967886,5.761739186582447,264.12186284707764,0,0.06528557145940458,0,
TIC 309792357,0.878413,0.88,2.365869810955864,1.5,0.01565550600913238,282.39845701849566,0.5,6.98788246139536,11,2.367175410371816,9.660877337402729,389.0072588152993,1,0.3515136272099442,0,
TIC 309792357,0.878413,0.88,2.365869810955864,2.5,0.026092510015220633,831.918005672061,0.1,20.585612621722138,11,2.363257845967886,14.384646738638013,842.9913623334562,1,0.8598342273591612,1,
TIC 309792357,0.878413,0.88,2.365869810955864,2.5,0.026092510015220633,784.3803636867764,0.5,19.40930500944894,11,2.367175410371816,14.607703365931263,752.5701899749881,1,0.8015017146344352,1,
TIC 309792357,0.878413,0.88,2.365869810955864,4.0,0.04174801602435301,2129.478731199508,0.1,52.69344328141597,11,2.367175410371816,18.013385131821156,2140.577811589939,1,0.7988628982249892,1,
TIC 309792357,0.878413,0.88,2.365869810955864,4.0,0.04174801602435301,2007.6018292567444,0.5,49.67762841285506,11,2.367175410371816,18.02031458066956,2047.5616242128235,1,0.8966211115235408,1,
TIC 309792357,0.878413,0.88,2.365869810955864,6.0,0.06262202403652951,4790.256513838575,0.1,118.53375486554128,11,2.367175410371816,24.178936024296615,4634.276629051581,1,0.6552819582759616,1,
TIC 309792357,0.878413,0.88,2.365869810955864,6.0,0.06262202403652951,4515.143857797277,0.5,111.72615781152138,11,2.367175410371816,23.154838582712788,4373.687728900344,1,0.6580478887149449,1,
TIC 309792357,0.878413,0.88,2.365869810955864,9.0,0.09393303605479428,10772.613436575652,0.1,266.56575001013084,11,2.367175410371816,34.186108029276014,10718.500232272165,1,0.7108709656531933,1,
TIC 309792357,0.878413,0.88,2.365869810955864,9.0,0.09393303605479428,10149.085745213115,0.5,251.13670601085278,11,2.367175410371816,33.13893711148549,10117.88404665337,1,0.7516891943675221,1,
TIC 309792357,0.878413,0.88,2.365869810955864,13.0,0.1356810520791473,22453.770400530317,0.1,555.6131928999444,11,2.367175410371816,37.898509392969686,22551.420800380085,1,0.20150265424805044,0,
TIC 309792357,0.878413,0.88,2.365869810955864,13.0,0.1356810520791473,21134.024211601376,0.5,522.9563882400454,11,2.367175410371816,37.93460289501907,19841.023286810032,1,0.6029708881515576,1,
TIC 309792357,0.878413,0.88,3.550491223608884,0.8,0.008349603204870604,85.19320050937029,0.1,1.8403187849573734,7,1.6633817436163731,5.005988170397811,257.6294857788985,0,0.08086324449440203,0,
TIC 309792357,0.878413,0.88,3.550491223608884,0.8,0.008349603204870604,80.3270108145071,0.5,1.7352007678729269,7,4.0678735718678,4.741457048762914,294.8803620079765,0,0.07194460265181396,0,
TIC 309792357,0.878413,0.88,3.550491223608884,1.5,0.01565550600913238,299.5028037413583,0.1,6.469772617733732,7,3.5513498611849523,9.111909427809039,477.90758683485814,1,0.15756855055392865,0,
TIC 309792357,0.878413,0.88,3.550491223608884,1.5,0.01565550600913238,282.3977736453598,0.5,6.100274723362866,7,3.5513498611849523,4.899374096520511,309.23575633745594,0,0.04960099783669122,0,
TIC 309792357,0.878413,0.88,3.550491223608884,2.5,0.026092510015220633,831.9165865923184,0.1,17.970820589784857,7,3.5513498611849523,15.258498406066787,985.227855713644,1,0.9079594216784735,1,
TIC 309792357,0.878413,0.88,3.550491223608884,2.5,0.026092510015220633,784.3809730242457,0.5,16.94397006555579,7,3.5513498611849523,13.715958572248336,786.2622311864964,1,0.7759516364405828,1,
TIC 309792357,0.878413,0.88,3.550491223608884,4.0,0.04174801602435301,2129.4773027973333,0.1,46.00035048627216,7,3.5513498611849523,19.10586997064076,2090.7445725929506,1,0.8930336155385253,1,
TIC 309792357,0.878413,0.88,3.550491223608884,4.0,0.04174801602435301,2007.601340417331,0.5,43.36762132876145,7,3.5513498611849523,17.16362376857118,2197.637300014321,1,0.88946518621894,1,
TIC 309792357,0.878413,0.88,3.550491223608884,6.0,0.06262202403652951,4790.247500575995,0.1,103.47753585024074,7,3.5513498611849523,23.141588760190334,4865.996033241893,1,0.6769426448467707,1,
TIC 309792357,0.878413,0.88,3.550491223608884,6.0,0.06262202403652951,4515.129212906976,0.5,97.53451046963053,7,3.5513498611849523,24.19966761076294,4449.904814028738,1,0.7825037343671969,1,
TIC 309792357,0.878413,0.88,3.550491223608884,9.0,0.09393303605479428,10772.608345584134,0.1,232.70675808436764,7,3.5513498611849523,37.287344128058216,10501.56770029742,1,0.7280320577236084,1,
TIC 309792357,0.878413,0.88,3.550491223608884,9.0,0.09393303605479428,10149.077704878939,0.5,219.23743020109288,7,3.5513498611849523,36.85766459369412,9751.234177545753,1,0.7448683285023396,1,
TIC 309792357,0.878413,0.88,3.550491223608884,13.0,0.1356810520791473,22453.7665435105,0.1,485.0397463178392,7,3.5513498611849523,42.194502781191545,22972.00147098677,1,0.08766961147250014,0,
TIC 309792357,0.878413,0.88,3.550491223608884,13.0,0.1356810520791473,21134.028831327534,0.5,456.531155392442,7,3.5513498611849523,42.63730171201786,20952.027577286426,1,0.48625662535400116,0,
TIC 309792357,0.878413,0.88,5.328267798400374,0.8,0.008349603204870604,85.19311901777904,0.1,1.6069183918412517,5,4.0678735718678,4.777534237872441,296.7037655888793,0,0.07194460265181396,0,
TIC 309792357,0.878413,0.88,5.328267798400374,0.8,0.008349603204870604,80.32706024496683,0.5,1.51513446107355,5,4.0678735718678,4.6387718940236216,296.7037655888793,0,0.07194460265181396,0,
TIC 309792357,0.878413,0.88,5.328267798400374,1.5,0.01565550600913238,299.50314667792634,0.1,5.649248675948227,5,4.0678735718678,4.770310885240054,301.64870495441585,0,0.07067105890212247,0,
TIC 309792357,0.878413,0.88,5.328267798400374,1.5,0.01565550600913238,282.39848148337023,0.5,5.326619320381575,5,4.0678735718678,4.7297118311224216,296.7037655888793,0,0.07194460265181396,0,
TIC 309792357,0.878413,0.88,5.328267798400374,2.5,0.026092510015220633,831.9174302251487,0.1,15.691683020117148,5,5.327454981167602,13.757332238493412,833.386218724197,1,0.8419295922421186,1,
TIC 309792357,0.878413,0.88,5.328267798400374,2.5,0.026092510015220633,784.3813805099576,0.5,14.795054824747526,5,5.327454981167602,11.619006204771441,705.423675569472,1,0.3973645446463771,0,
TIC 309792357,0.878413,0.88,5.328267798400374,4.0,0.04174801602435301,2129.4785540241223,0.1,40.16636898548999,5,5.327454981167602,16.95713040143272,2127.0238424351273,1,0.833268089233272,1,
TIC 309792357,0.878413,0.88,5.328267798400374,4.0,0.04174801602435301,2007.5993328315667,0.5,37.867474845028546,5,5.327454981167602,17.192551822223095,1997.6771318386266,1,0.9136173490901652,1,
TIC 309792357,0.878413,0.88,5.328267798400374,6.0,0.06262202403652951,4790.239801857998,0.1,90.35382819273475,5,5.327454981167602,25.10804871640674,4639.890864434948,1,0.7318212157243138,1,
TIC 309792357,0.878413,0.88,5.328267798400374,6.0,0.06262202403652951,4515.146413497484,0.5,85.16499803453634,5,5.327454981167602,22.8615738267977,4438.623508130957,1,0.7708987678549727,1,
TIC 309792357,0.878413,0.88,5.328267798400374,9.0,0.09393303605479428,10772.611802813748,0.1,203.19373481906402,5,5.327454981167602,34.92099812663429,10605.300235639215,1,0.447105346318619,0,
TIC 309792357,0.878413,0.88,5.328267798400374,9.0,0.09393303605479428,10149.08426068284,0.5,191.43271600884032,5,5.327454981167602,28.979830919989848,9642.996406320048,1,0.6253079031291773,1,
TIC 309792357,0.878413,0.88,5.328267798400374,13.0,0.1356810520791473,22453.7900921824,0.1,423.52491235989265,5,5.327454981167602,37.547025569985344,21543.36390256384,1,0.15684906227018658,0,
TIC 309792357,0.878413,0.88,5.328267798400374,13.0,0.1356810520791473,21133.958346239877,0.5,398.6301564084362,5,5.327454981167602,42.37875239403014,20641.547048886765,1,0.18816812670421293,0,
TIC 309792357,0.878413,0.88,7.996199946274763,0.8,0.008349603204870604,85.19274758278516,0.1,1.403294565540439,3,4.0678735718678,4.77628854406923,296.7037655888793,0,0.07194460265181396,0,
TIC 309792357,0.878413,0.88,7.996199946274763,0.8,0.008349603204870604,80.32707830085695,0.5,1.3231472824115331,3,4.0678735718678,4.879997901824466,296.7037655888793,0,0.07194460265181396,0,
TIC 309792357,0.878413,0.88,7.996199946274763,1.5,0.01565550600913238,299.5022983525164,0.1,4.933400548404018,3,8.037459929326676,9.052196528196138,450.3577551006055,1,0.12074318196636866,0,
TIC 309792357,0.878413,0.88,7.996199946274763,1.5,0.01565550600913238,282.398109051063,0.5,4.651660417046235,3,3.325662680939555,5.303362507718472,345.5539840884203,0,0.13636398880054343,0,
TIC 309792357,0.878413,0.88,7.996199946274763,2.5,0.026092510015220633,831.916811333877,0.1,13.703330077388664,3,7.997563276125757,12.229522032792996,817.6495423717345,1,0.2852157875966114,0,
TIC 309792357,0.878413,0.88,7.996199946274763,2.5,0.026092510015220633,784.3814888968126,0.5,12.920328454130487,3,7.997563276125757,15.542159541171738,868.2286074568335,1,0.6922907357423661,1,
TIC 309792357,0.878413,0.88,7.996199946274763,4.0,0.04174801602435301,2129.4793951407432,0.1,35.07677528216248,3,7.997563276125757,20.02014152929053,2136.0765795167545,1,0.8761161055299499,1,
TIC 309792357,0.878413,0.88,7.996199946274763,4.0,0.04174801602435301,2007.601802344383,0.5,33.06920810672791,3,7.997563276125757,18.6593850123832,2103.572379324237,1,0.889982358190327,1,
TIC 309792357,0.878413,0.88,7.996199946274763,6.0,0.06262202403652951,4790.256920363056,0.1,78.90509103906746,3,7.997563276125757,23.74815219800705,4764.478857184007,1,0.5661164986264529,1,
TIC 309792357,0.878413,0.88,7.996199946274763,6.0,0.06262202403652951,4515.145144197041,0.5,74.37345106543245,3,7.997563276125757,19.615075102416753,3559.345425121263,1,0.6343203831477501,1,
TIC 309792357,0.878413,0.88,7.996199946274763,9.0,0.09393303605479428,10772.56103355162,0.1,177.44557822420063,3,7.997563276125757,31.13977677545775,10636.071936383718,1,0.5268531153446665,1,
TIC 309792357,0.878413,0.88,7.996199946274763,9.0,0.09393303605479428,10149.08344210752,0.5,167.17565806509845,3,7.997563276125757,29.81322554936613,9370.43512866076,1,0.5234459491301477,1,
TIC 309792357,0.878413,0.88,7.996199946274763,13.0,0.1356810520791473,22453.801172909847,0.1,369.85891470457733,3,7.997563276125757,36.15395008873365,23405.24208660355,1,0.040008782723634444,0,
TIC 309792357,0.878413,0.88,7.996199946274763,13.0,0.1356810520791473,21134.017913079006,0.5,348.1194506215325,3,7.997563276125757,42.17642976833656,21677.042743810216,1,0.07985066521964862,0,
TIC 309792357,0.878413,0.88,12.0,0.8,0.008349603204870604,85.1932329720695,0.1,1.2255768933325304,2,4.0678735718678,5.389815069565877,307.4067013715265,0,0.07045984794729805,0,
TIC 309792357,0.878413,0.88,12.0,0.8,0.008349603204870604,80.32709825955831,0.5,1.155573419401071,2,4.0678735718678,4.842972309313459,296.7037655888793,0,0.07194460265181396,0,
TIC 309792357,0.878413,0.88,12.0,1.5,0.01565550600913238,299.50106558707114,0.1,4.308576781354522,2,4.818802873426255,5.528747634920028,376.4552692576695,0,0.1925343160415406,0,
TIC 309792357,0.878413,0.88,12.0,1.5,0.01565550600913238,282.39781748418125,0.5,4.06253205521169,2,4.0678735718678,6.033201973690862,347.5641001723373,0,0.08520317036936376,0,
TIC 309792357,0.878413,0.88,12.0,2.5,0.026092510015220633,831.9168498920337,0.1,11.967829284468303,2,11.977401202035233,11.205589462680408,933.8064667854251,1,0.4222801583857836,0,
TIC 309792357,0.878413,0.88,12.0,2.5,0.026092510015220633,784.3731042876944,0.5,11.283872190666479,2,11.977401202035233,7.497243145778557,799.7571371012314,1,0.1596601743053096,0,
TIC 309792357,0.878413,0.88,12.0,4.0,0.04174801602435301,2129.473361936474,0.1,30.634279934089527,2,12.011533266872407,16.524346707429512,2248.4392258799166,1,0.8152500301541602,1,
TIC 309792357,0.878413,0.88,12.0,4.0,0.04174801602435301,2007.576816645207,0.5,28.880694771579996,2,12.011533266872407,17.333438202800743,1872.2301426706833,1,0.8964861940163283,1,
TIC 309792357,0.878413,0.88,12.0,6.0,0.06262202403652951,4790.234296125018,0.1,68.91158208427863,2,12.011533266872407,20.951659797529445,4787.298990929445,1,0.5301270502047752,1,
TIC 309792357,0.878413,0.88,12.0,6.0,0.06262202403652951,4515.093764864253,0.5,64.9534522449875,2,12.011533266872407,20.071533551720336,4345.439141346441,1,0.7981354593457787,1,
TIC 309792357,0.878413,0.88,12.0,9.0,0.09393303605479428,10772.62236748122,0.1,154.973307076052,2,12.011533266872407,25.631198579462062,10793.722567587372,1,0.30930678903849856,0,
TIC 309792357,0.878413,0.88,12.0,9.0,0.09393303605479428,10148.940548749264,0.5,146.00111528142799,2,12.011533266872407,26.068388118590104,9788.127685966818,1,0.2876985352850856,0,
TIC 309792357,0.878413,0.88,12.0,13.0,0.1356810520791473,22453.782524235354,0.1,323.0167006179781,2,11.90952405419677,10.728994113589621,15635.981181688852,1,0.6772493776724688,1,
TIC 309792357,0.878413,0.88,12.0,13.0,0.1356810520791473,21134.022965782595,0.5,304.0308403193705,2,12.011533266872407,31.602429829749354,19665.67445546652,1,0.11214449765800613,0,
