tic_id,toi,disposition,label,success,error,ref_period,probability,prediction,physics_pass,sde,sde_pass,welch_p,odd_even_ok,duration_ok,density_ok,has_secondary,duration_ratio,density_ratio,secondary_snr,stellar_r,stellar_m,n_sectors,n_points,period_recovered,period_days,depth_ppm,duration_hrs,model_snr,rp_rs,log10_depth,log10_period,duration_over_period
457138169,1770.01,FP,0,1,,1.09245357642221,0.2400784146288347,0,1,47.32243181391998,1,0.8757945571412235,1,1,1,0,0.44477532123386254,11.409371397715413,4.304053898842751,1.44878,1.224,2,35036,1,1.0924399612115712,372.5373549313682,1.1252918194267454,14.396537353962463,0.017357695290583484,2.571169826687486,0.03839757815412178,0.042919666807849866
66783360,1399.01,FP,0,1,,1.3812787,0.12668011123514045,0,0,61.97224773041404,1,0.03902032510136167,1,1,1,1,0.5206811914677293,7.111612647906883,9.954486529551385,1.37937,1.323,3,190499,1,1.3813156444761368,1202.2847592587648,1.3215401007053686,17.046623335372757,0.0311824918672406,3.080007341816594,0.14029293056317563,0.03986356853549339
431899140,1596.01,FP,0,1,,1.9734615,0.03407625669458112,0,0,7.406083045867513,1,0.3624116322144958,1,1,1,1,0.8582443073956904,1.5880017221091316,5.577652188761511,3.62341,1.92,1,16438,1,3.956275130741618,295.7748120807624,7.177504608777139,6.566707551599068,0.015466346668503089,2.4709611871047583,0.5972864860616507,0.07559198542805096
99869022,1199.01,CP,1,1,,3.6714717,0.9058398726824196,1,1,57.476411004133595,1,0.09934424153554305,1,1,1,0,0.4477466204924658,11.183733609782156,-1.5282615016086392,1.53552,0.99,3,43681,1,3.671539839214781,2131.1708278625165,1.930228816782857,27.58010295779956,0.04151607408021392,3.3286182627712484,0.5648482450202796,0.02190530519110101
58046864,3343.01,FP,0,1,,2.3651663,0.3178651897058908,0,1,28.77340085979602,1,0.12654954474887672,1,1,1,0,0.4139585418490623,14.15185004484031,3.4345831961654616,1.51328,1.04,2,31208,1,2.364401137411704,20635.559870509023,1.4940165156936138,9.817376670774816,0.12918594755341686,4.314616256367016,0.3737211595972981,0.026328310864393356
402898317,2093.01,CP,1,1,,53.8108713039137,0.07803754205706778,0,0,6.903715141664051,0,0.6537392553791858,1,1,1,0,1.2190262510878678,0.5541720134987574,0.4119170776826936,0.730261,0.7,3,39321,0,5.332437508102627,339.9976369389268,3.1769988764422803,5.114206564199562,0.01658231253095771,2.5314758986071055,0.7269257745677447,0.024824473420260725
90544017,1038.01,FP,0,1,,3.2235985,0.06008391134099734,0,0,5.7951127491201495,0,0.1245400615011666,1,1,1,0,0.7075030157543026,2.834646306075157,-3.352009326918422,2.16682,1.0,2,95428,1,3.2152582851659894,171.8075712437983,4.103991038373956,6.893636292809955,0.01178767887429166,2.235042298476308,0.5072158660057414,0.0531837916063676
113921235,6982.01,CP,1,1,,59.847399221,0.7815856586137027,1,0,7.081912342247126,1,2.0761489902988336e-22,0,1,1,0,0.7378642558062848,2.498931469803458,-0.39057631003527643,1.09215,1.032,3,43389,0,14.810015878717895,2583.967420128008,3.551954187314807,19.768131023524965,0.04571415154007046,3.4122870335692435,1.1705555241549603,0.009993108201240442
195199644,1321.01,FP,0,1,,1.19888,0.04838549730979619,0,0,5.7775635617716645,0,0.544310194353731,1,1,1,0,0.4456689351008053,11.340877889575209,0.520685352477486,5.60886,1.0,3,49713,0,13.401031084070901,72.98723118109862,10.769189490718045,0.5367993555654266,0.007682995718970141,1.8632468887144833,1.1271382145510123,0.033483709273183004
1950736,4610.01,FP,0,1,,3.1129681,0.1107288756122892,0,1,11.904818939431864,1,0.6202815551533154,1,1,1,0,0.8070716382953012,1.9096224253520018,1.3735720113634837,0.685615,0.64,2,27339,1,3.1122098103540345,319.11231764247816,1.700351380634141,5.189678916917075,0.01606493345437055,2.5039435681575113,0.493068867368909,0.022764523766162725
240681314,1477.01,KP,1,1,,2.73248092340943,0.5642039031682444,1,1,60.347851702087425,1,0.7143950170254529,1,1,1,0,0.42249425053917944,13.31132704471174,0.7701280783706655,1.61271,1.419,3,138128,1,2.732458151270699,4729.662731029815,1.5375082010406278,32.894503736977725,0.06184751194446195,3.674830172603557,0.4365535192726514,0.02344513187886682
347098457,976.01,FP,0,1,,3.15104083676292,0.03013353751276093,0,0,10.01923144042667,1,2.384993596357733e-29,0,1,1,1,1.0,1.0,3.284496936838041,49.1612,1.0,1,16823,0,0.787452038174043,487.0756992673142,2.1731162365926306,10.47742954756233,0.019847480237613045,2.6875964626915105,-0.103775888574148,0.11498669819686674
234825296,536.01,KP,1,1,,9.24323029360052,0.12102473306519164,0,1,7.231848941385044,1,0.5775978951719,1,1,1,0,0.44165717653812475,11.652735490455697,0.727365666090005,1.29981,0.94,3,136664,1,9.243233452515181,3384.163878755064,2.2307308455946155,2.5753458399876736,0.05231579624686179,3.5294513856659657,0.9658239219707989,0.01005569306930687
183532609,191.01,KP,1,1,,8.1587261,0.7236917629467438,1,1,132.51371696844842,1,0.07761423917949363,1,1,1,0,0.4868195925420586,8.701209352512915,-0.2691381529068203,0.996641,0.99,3,127998,1,8.159137168564927,12852.467470074624,1.7775689761090283,27.341327767427543,0.10195309248091915,4.108986513329971,0.9116442343979907,0.009077598828696964
35857242,400.01,KP,1,1,,3.6344447,0.7404402285049181,1,1,66.14885111751113,1,0.03315306981914274,1,1,1,0,0.46713946049051325,9.8479106383069,-1.1685476566148731,1.42158,1.25,3,127292,1,3.63457389826007,6966.2133976931,1.7191575304700737,17.357821904908786,0.07505947698581635,3.8429967741734727,0.5604535033707372,0.019708380067296916
199444169,1410.01,CP,1,1,,1.2168732,0.15653054898800928,0,1,106.66817493163862,1,0.08795543304623595,1,1,1,0,0.4060246005827181,14.997771071197656,0.8779356743384275,0.778749,0.71,3,134696,1,1.2168676591317893,1103.47666772892,0.6863223903080954,9.506039126268092,0.029873679971268417,3.0427631547303804,0.08524334894984081,0.023500309214594894
283015592,4000.01,FP,0,1,,3.7027104,0.6490832295112824,1,1,45.04375543477888,1,0.34311741042907545,1,1,1,0,0.4623057920707537,10.160048000735769,3.133493389317595,1.90022,1.73,3,50286,1,3.702419805234097,9092.563448183544,2.0533503472051016,20.671067230583148,0.08575319637610275,3.9586863402573913,0.5684856604352456,0.023108201924030514
175310067,1016.01,FP,0,1,,12.6889414936027,0.8455386390484416,1,1,10.254390630388455,1,0.15052917735485988,1,1,1,0,0.5997983485651339,4.652302725483109,-1.3105774307972498,1.53641,1.77,2,118459,0,11.230173775427826,2144.936468337244,3.0943310726524835,15.203654862637396,0.04164993840052763,3.3314144331831312,1.0503864765753923,0.011480718280836076
461387302,1624.01,FP,0,1,,5.8089284,0.06871531401149482,0,1,13.760749668506723,1,0.565022090518142,1,1,1,0,0.6395955630811677,3.836784761089664,-0.6337632838673408,1.26669,1.287,3,2986,1,5.808232659400013,292.41769799959184,2.428366619407445,3.6681563508544555,0.01537832283629037,2.4660036538910366,0.7640440045015822,0.01742043551088779
165987272,1840.01,KP,1,1,,7.8456075,0.6660135975778722,1,1,51.22125017738773,1,1.0,1,1,1,0,0.40788232432858224,14.793778336144445,-1.1764281638017122,1.65137,1.22,2,26581,1,7.845347749394591,3863.180382823961,2.271852072219573,12.594449374852,0.055895859726896396,3.5869449870565746,0.8946121986936322,0.012065813528336411
299158887,1554.01,KP,1,1,,9.43415890796681,0.8021579570502843,1,0,72.10423925812714,1,0.002473015612279665,0,1,1,0,0.44018099393697174,11.770364263296486,-3.0000701237315486,0.938168,0.964,3,52030,1,9.434368309809004,2968.966138067963,1.6021646699388752,12.536837864496443,0.049001544507928166,3.4726052443679905,0.9747128267321749,0.007075922738573326
159098316,4475.01,KP,1,1,,3.57875698546331,0.6841596279292652,1,1,59.16413806870722,1,0.6558270088782641,1,1,1,0,0.48415198879340837,8.845830289386997,0.4120992582202175,1.06062,0.96,3,55753,1,3.578648086095201,9213.305458427134,1.4441338131170378,12.623685954248202,0.0863206857566768,3.9644154700241487,0.5537189932261728,0.016814238440211127
279741379,186.01,CP,1,1,,35.61338894967539,0.8738130550763771,1,1,7.424112497379662,1,0.012882386948665645,1,1,1,0,0.7819782519997646,2.0994219765104587,2.1521653693591207,0.705464,0.73,3,49391,0,11.823466544692618,388.30325066951946,2.531590774835032,14.749921259155371,0.017721180941996328,2.5891710262450576,1.072744826842133,0.00892149088025368
380907135,4536.01,KP,1,1,,4.0460644,0.779011507826174,1,1,45.514495955281234,1,0.009388935338776504,1,1,1,0,0.4337618712260697,12.300694776630456,-3.448938878815798,1.81133,1.29,2,102616,1,4.046280982060807,4598.520821302188,2.086032388935308,15.712238210814245,0.06098404475129658,3.6626181572351655,0.6070560377826488,0.021480964023751437
271431851,6081.01,KP,1,1,,7.88642182497306,0.1276853806768361,0,0,6.746260623985158,0,0.3329184471426897,1,1,1,0,0.4737076674417575,9.443924810431056,0.12091793617582684,1.56051,0.99,3,55716,1,3.9943345657057936,3989.8985153926646,2.1345026705408037,2.910520237775169,0.05680519715944851,3.60096184937961,0.6014444385903974,0.022265939372261456
274002141,6368.01,FP,0,1,,1.6197991,0.1515482770950069,0,1,16.665048225245,1,0.9684594831258715,1,1,1,0,0.8144505794241693,1.8581875833357961,-0.13217141363134624,0.30525,0.282616,1,11041,1,1.619531938628305,27751.618714805358,0.8069277494163127,9.731189216948502,0.14981362299737241,4.443288320013825,0.20938951710893697,0.02076031275276352
470315428,1673.01,FP,0,1,,1.08625,0.027562429538582216,0,0,8.4815046159047,1,0.007152233492611915,0,1,1,0,1.3420005606079433,0.4153609573644977,-0.004797351553236155,1.0,1.0,1,16619,1,1.0878783560284613,1175.9828126997052,2.5033954594992194,20.285611104777445,0.03083952171760915,3.070400974457617,0.03658033630047943,0.09588217613465588
17307715,5562.01,KP,1,1,,13.8532745404664,0.11561024353021282,0,1,7.42213424860124,1,0.3373520659929969,1,1,1,0,0.8530741541068398,1.6170498596199736,0.7653932632851069,0.655766,0.6,3,204382,0,6.346689605468415,887.283954816409,2.227328804937976,5.430460944554606,0.02678788715926978,2.9480626280334232,0.8025472589995417,0.014622641509433987
291732201,7418.01,FP,0,1,,6.7415334,0.11071670321425066,0,1,113.40870225892346,1,0.04165392669339424,1,1,1,0,0.4094374830492118,14.625845019131225,2.150171228030338,0.947997,1.07,3,22744,1,6.74156250888189,23652.22237709874,1.3002797786112636,12.24440609747614,0.13830666956975937,4.3738719535628565,0.828760565725248,0.00803646395585944
72668830,4296.01,FA,0,1,,19.970657361355105,0.1180682233988213,0,1,27.68839254179198,1,0.9540006260435033,1,1,1,0,0.4899550177578146,8.53522814679569,0.8769251538576929,0.899081,0.825,3,58984,0,5.095892916395757,543.6771820269693,1.4659769060410912,2.2944131385781876,0.020968999045360065,2.7353411061712407,0.7072202932858789,0.011986588432523038
308307606,517.01,FP,0,1,,9.88502437905873,0.6908360973476768,1,1,32.6573878900818,1,0.4788972903134995,1,1,1,0,0.5872445873575771,4.957088766159364,-2.1547905209064293,0.819196,0.94,3,43659,1,9.884500645595287,6156.7883945489175,1.9116092498121078,14.344252333072484,0.0705641737292476,3.7893542273840772,0.9949547341109627,0.008058109181704742
38087018,5138.01,KP,1,1,,1.72926812423633,0.20203939953657743,0,1,78.36772358797687,1,0.959771791761054,1,1,1,0,0.4435954449424166,11.500653785984575,1.9608670498252205,0.766495,0.68,3,46195,1,1.7292620590665022,20655.90876343759,0.8417769349992514,10.00727496658831,0.12924962751369984,4.315044306660188,0.23786081292829728,0.02028266263890388
370133522,1078.01,CP,1,1,,0.518242460936129,0.17591069021952815,0,0,75.29271010105188,1,0.007233987455214906,0,1,1,0,0.5338783209256093,6.597158309376815,1.6258476460776576,0.390989,0.381272,3,133889,1,0.5182437636400979,787.5884235353236,0.4193949531512926,7.717994918139114,0.025238108834344006,2.8962993239824875,-0.2854659153469595,0.03371924746743854
167009792,1941.01,FP,0,1,,1.1330519701151485,0.029871219590052372,0,0,6.094099602372017,0,0.41153721204273724,1,1,1,0,0.8631144536246393,1.561272088046931,-0.6880976957164315,2.10249,1.08,3,48365,0,1.7935532709777238,43.69819717686685,3.8977665176650658,4.112668910718325,0.00594482270272134,1.6404635199843975,0.2537142803418392,0.09055038445973292
139285832,332.01,CP,1,1,,0.77685,0.08253798774652378,0,1,53.378812530903275,1,0.3946174540730138,1,1,1,0,0.42246201383638493,13.314374509511593,-0.44815990633315134,0.95852,0.88,3,116204,1,0.7770367456525737,1288.598841577282,0.7046256629502834,5.2865864138586565,0.03228241492090743,3.1101177365890793,-0.109558443159436,0.0377838021009827
166184426,1955.01,FP,0,1,,16.3152,0.21812712494595154,0,0,15.705805263165944,1,2.3880794285223702e-14,0,1,1,0,0.8066343795953623,1.91272960162622,2.22362808265888,0.31097,0.289172,2,30648,0,11.856742117211844,2122.74958944203,1.568850586613427,3.400528807446137,0.041433968316602766,3.3268987655565994,1.0739653741139532,0.005513215501864843
260647166,1233.01,CP,1,1,,14.1758947254494,0.8476719936392175,1,1,25.0711364175792,1,0.019631829732452317,1,1,1,0,0.6940430409229786,3.0027871705027853,-0.5721615099080649,0.864173,1.02,3,127689,1,14.176569753118612,639.9742876939118,2.6155362516964935,11.368112624858362,0.022750367143684763,2.80616252564487,1.1515711590903162,0.007687379884689427
151724385,5795.01,CP,1,1,,6.140620703386301,0.6569010428739493,1,0,66.07633407766996,1,0.0055402597375432,0,1,1,0,0.46745217985434073,9.828159489151954,0.4034368822994519,1.05042,1.017,3,40309,1,6.140794984812252,1980.1260915800478,1.6217529781848374,8.542364456341073,0.04001783323176511,3.296692846389736,0.7882245983671847,0.011003956478733923
4897275,1774.01,CP,1,1,,16.710042174913,0.10466064630832152,0,1,9.061357168628028,1,0.2392742571385724,1,1,1,0,0.8857847048086107,1.4444390898199588,-0.3786241505773583,1.09271,1.06,3,125976,0,14.191145036531818,192.46276856144107,4.168568442281326,1.6915350532766322,0.012476147805876038,2.2843467287942114,1.152017438655835,0.012239347234814124
686072378,2438.01,FP,0,1,,1.94260032314713,0.029308761838548036,0,1,23.100706746780467,1,0.8615943644976134,1,1,1,0,0.8092517422156597,1.8942305403525221,-0.4663760748411385,1.0,1.0,2,34305,1,1.942907942931649,163736.321194509,1.8315454568223846,50.06512681305225,0.3638979936274163,5.214145028493549,0.28845222374752577,0.039278440500436385
268532343,2420.01,CP,1,1,,5.84259,0.08905203778065399,0,0,22.654372709134098,1,0.0021810805083164074,0,1,1,0,0.4015903996754098,15.500074914501672,-0.06441071639913017,2.19681,1.02,3,5313,1,5.843039791131397,2191.182592868213,2.863114351077566,6.00915658800829,0.0420965428744709,3.34067856914947,0.7666388438680207,0.020416843896214343
31114545,2468.01,FP,0,1,,24.4232697,0.10558519387386067,0,0,7.465267210011087,1,1.7129882438957044e-07,0,1,1,0,0.3723706313235823,19.442741421186653,-0.4587506030081103,2.36965,1.15,3,5583,1,12.211560818361995,197.24092343198495,3.517769580065609,2.2004983691194044,0.012630067174232203,2.2949970271204907,1.0867711767606139,0.012002866356144837
117256577,1156.01,FP,0,1,,1.6865822,0.28031433562028435,0,0,72.0233652090168,1,3.44238122863596e-16,0,1,1,0,0.5523240110963182,5.9580204921407836,0.8996817367409472,1.0,1.0,3,52116,1,1.6865878995738754,3463.8108008434588,1.192468460416078,36.373918019546636,0.0529278469728568,3.5395541621000124,0.22700898015618212,0.029459588713534213
367287018,4037.01,FP,0,1,,4.7257129,0.06608591166090484,0,0,6.512145728427959,0,0.9803821436004729,1,1,1,0,0.5427318659258359,6.279539536717773,-1.2283559764202998,2.48092,1.16,3,50666,0,4.4294318012138865,191.31336102251595,3.8171984828955807,3.3803664990275335,0.012438837595489369,2.281745301526113,0.6463480193553361,0.035907525823905495
431148743,1495.01,FP,0,1,,2.6277641,0.8072201611168879,1,1,13.479390873467079,1,0.3840725332160317,1,1,1,0,1.430028173308169,0.34328117061676966,-2.747476796718207,1.0,1.0,3,33752,0,7.350724726395678,841.6276195750694,5.043181879047031,12.17997361013988,0.026089582927508393,2.925119979224378,0.8663301593778396,0.028586647727272707
376637093,1516.01,CP,1,0,"MAST search failed: ('Connection aborted.', RemoteDisconnected('Remote end closed connection without response'))",2.0560153,,,,,,,,,,,,,,,,,,,,,,,,,,
466318137,3153.01,FP,0,1,,1.121602114636,0.04402423888117643,0,1,10.8295497952325,1,0.4855883555680015,1,1,1,0,0.7723668246675677,2.1787777399887562,1.4348116904795973,1.0,1.0,2,37004,1,1.1213643415013659,2200.8190821031226,1.455422806702267,9.539837981207112,0.04218900843408032,3.3425843429287747,0.04974674176121564,0.05407931633061824
237922465,2416.01,CP,1,1,,8.2754608,0.5792130101061229,1,1,23.793000684938193,1,0.8115413541433276,1,1,1,0,0.8102050661918481,1.8875518925816732,-0.2205774678932374,1.38931,1.0,3,279107,1,8.276352456233452,4035.8657363324114,4.129749977089572,25.14055609501833,0.057131483564308375,3.6059367098592583,0.9178389772254447,0.020790912013717633
459978312,1487.01,FA,0,1,,23.28798,0.029184487800575618,0,1,7.810064165792854,1,0.12210092679055681,1,1,1,0,1.0,1.0,7.996016157431169,8.94912,1.0,3,49777,0,1.7402777534947005,60.357597868154755,4.663288647539991,10.243979344249562,0.006986716487440302,1.780731947250597,0.24061856850292565,0.11165096678235009
268403451,1612.01,KP,1,1,,2.8641388,0.7868571581522696,1,1,103.01038422970363,1,0.03748796656111063,1,1,1,0,0.48637891417878537,8.724881697971188,1.4843035229865789,1.5269,1.139,3,53788,1,2.864179285566405,7262.688489702796,1.8317272652340528,129.05182440186707,0.07664006338754643,3.861097416858015,0.457000199493075,0.026647064228613456
419419534,3389.01,FP,0,1,,1.680148,0.04274582066380853,0,0,4.080007378828215,0,0.46540411882766214,1,1,1,0,0.7604629110676852,2.282704265998138,-0.6463471318335553,2.35492,1.2,1,15625,0,2.941124702987463,431.39764096056246,4.379402993948878,5.054107512729676,0.01867867345736455,2.6348777658926004,0.46851343888013175,0.0620426344257079
262530407,177.01,CP,1,1,,2.8531016,0.8751314936292368,1,1,83.37999687144524,1,0.32184139697824776,1,1,1,0,0.42688324150355644,12.904953573481789,1.6841466182582023,0.517786,0.515356,3,110072,1,2.8530612416695678,1221.1352247550876,0.7092140206489028,11.730698811915204,0.03142599422485591,3.086763759041678,0.45531109399626285,0.010357500835282363
149918151,3846.01,KP,1,1,,1.540776,0.10940665378225962,0,1,166.60425110135586,1,0.9772971826403654,1,1,1,0,0.48481663969017785,8.809499033454863,1.5997362043668584,0.769359,0.662,3,45469,1,1.540761973610428,24469.105763195275,0.8965662652802745,36.64992579409552,0.14067476421158195,4.388618098113286,0.18773555141665546,0.02424574876577068
463681005,3060.01,FP,0,1,,0.546539104815458,0.13310482956392508,0,1,16.894892492168307,1,0.7107427060568775,1,1,1,0,0.46756130703939724,9.821279520298429,-2.639578133061583,1.66057,1.14,3,56401,0,1.6405862872867656,2462.1506447917163,1.5899268532375315,7.048170443295728,0.04462358495207776,3.3913146213817575,0.21499907721338074,0.040380047505938266
158324245,1161.01,KP,1,1,,1.7635881,0.25400430681772007,0,1,96.21715444784635,1,0.616859822994012,1,1,1,0,0.7688515785371511,2.20879918043384,5.119726891750498,1.0,1.0,3,49528,1,1.7636652646797792,8316.88311331158,1.684862826243993,96.21030858623926,0.08201389649255021,3.9199605978882803,0.24641616157969115,0.03980495571698678
386259537,1932.01,KP,1,1,,5.61077370946175,0.0837883228930147,0,1,22.644067141889604,1,0.009516837078031259,1,1,1,0,0.4349502687480226,12.20014389452216,1.2700199001185608,2.21327,1.17,3,133514,1,5.610980384540476,2638.882948749699,2.9444777797772126,6.263629616796699,0.046197365561266794,3.421420126923532,0.7490387504534622,0.021865443425076514
101011575,560.01,CP,1,1,,6.3980642,0.16976222323536688,0,1,53.30680056116757,1,0.08735097570833843,1,1,1,0,0.40117860476997297,15.547854675007132,0.23146674243053852,0.630294,0.75,3,124493,1,6.398040040717469,1117.6787907527519,0.9371148446735196,3.7814724726091398,0.030065307615610524,3.0483170097695154,0.8060469536924825,0.006102877070618962
102283403,896.01,FA,0,1,,3.52985,0.09653841618851168,0,0,4.19893667586079,0,0.004591599655624085,0,1,1,0,0.5908387790514863,4.867173048457424,-5.676198244380976,1.36534,1.39,1,17405,0,1.8612201475580084,255.76645807412478,1.6127019272823533,5.556059299594668,0.014382319804796736,2.4078435892886025,0.26979774508942006,0.036103151862464156
13023738,360.01,FP,0,1,,8.0635,0.08762096784385418,0,0,3.6899113164333492,0,0.5373540319880342,1,1,1,0,0.6578841489209643,3.5256199556639976,-0.24672853735166841,1.71254,1.0,1,14696,0,6.9490192059493685,973.0960487067674,3.899551272467688,3.775063547699676,0.028053367523197606,2.988155709091198,0.8419235119998284,0.02338190443917315
178155732,396.01,CP,1,1,,5.9739124488142,0.8973700757260473,1,1,32.52729575622982,1,0.01125829628943376,1,1,1,0,0.6153497580999759,4.3084163064203835,-2.14380131390522,1.2845,1.24,3,216160,1,5.973755103996684,152.46708525296083,2.421296848702851,12.675702361968645,0.01110440251424326,2.183176097873771,0.7762474145916917,0.016888433981576245
309792357,199.01,CP,1,1,,104.87242523178372,0.9224234718754395,1,0,9.89893866213817,1,6.05837322545885e-28,0,1,1,0,0.784339480151972,2.080518277876942,-0.8521194488672444,0.878413,0.88,3,47825,0,11.191896740601065,1865.5541265598652,2.9169332351285013,22.227208740064587,0.0388428487608117,3.270807854033648,1.0489036945865198,0.010859543079602574
16102323,1164.01,FP,0,0,zero-size array to reduction operation minimum which has no identity,3.2077145,,,,,,,,,,,,,,,,,,,,,,,,,,
263179590,2498.01,CP,1,1,,3.73823810637544,0.10998193885868006,0,0,11.585707916696412,1,5.570980760891317e-21,0,1,1,0,0.41593819739321153,13.95074330014842,0.5980485425166092,1.29068,1.084,3,46899,0,14.341791410940495,2546.3589842128486,2.302972452563952,5.649068954863593,0.045380258135913475,3.4059196302180785,1.1566034017707545,0.006690739167374726
272625214,1613.01,FP,0,1,,5.2469991,0.8725080436492137,1,1,19.420918611369228,1,0.9163404087018266,1,1,1,0,1.0599773116461224,0.8429349384910036,2.9932756345002387,1.0,1.0,2,37404,1,5.248990333553244,1322.709018078849,3.34122055618424,19.9437859945976,0.0327068940495925,3.1214643145262,0.7200757729799235,0.026522724243635942
377290815,1813.01,FP,0,1,,0.798,0.041352928763973,0,0,6.771800249247213,0,0.09609984961338676,1,1,1,0,0.6086815418568879,4.451571644288319,-0.6085369051899673,1.83603,1.239,3,54478,0,5.324536847869677,138.31647843653982,3.295515810368723,2.244623902904147,0.010576551987086886,2.140873923187731,0.7262818368690007,0.02578875171467765
437261733,1910.01,KP,1,1,,5.4161129,0.4549247952415697,0,1,75.60283467605062,1,0.1160890638615302,1,1,1,0,0.4516071798059757,10.899366339722851,2.21402472813543,1.09531,1.0,3,48507,1,5.416089999281705,11496.553166866597,1.5755898179728698,8.29281775146319,0.09642529426298557,4.0605676520936385,0.7336858724176104,0.012121212121212201
27318774,4471.01,KP,1,1,,3.24324876796633,0.6135553925310747,1,1,47.06844296547073,1,0.7039262186266461,1,1,1,0,0.5353403431270544,6.543254984925442,-0.3888409311524875,1.0,1.0,3,54517,1,3.2434111244964563,13960.795246866553,1.4372995549870975,9.787416300072033,0.10625814395096182,4.144910157648821,0.5110020019518965,0.01846435100548449
295354126,1965.01,FP,0,0,"MAST search failed: ('Connection aborted.', RemoteDisconnected('Remote end closed connection without response'))",2.2778177,,,,,,,,,,,,,,,,,,,,,,,,,,
421308357,1479.01,FP,0,1,,16.6828999,0.8384652638053498,1,0,8.961291243626302,1,0.006799887238987058,0,1,1,0,0.49088017296957215,8.487060355579741,-0.8128605298068668,2.63127,1.38,2,36242,0,5.562856726792958,526.9832500424121,3.7284685614163346,12.07614608225093,0.02064455626725362,2.7217968115507656,0.7452978746874576,0.02792681249140189
68952448,7484.01,KP,1,1,,4.614447835542864,0.5541634336701277,1,1,23.26977420042881,1,0.061716406353575774,1,1,1,0,0.6395157496553234,3.8382214660767286,2.486144289178503,0.831063,0.943,2,108867,1,4.610450083280327,11066.382849818645,1.6361095763231965,50.51474934940334,0.09460410736215859,4.044005690881522,0.6637433243362142,0.01478624236579873
382474101,349.01,FP,0,1,,2.6520851,0.3658535753536848,0,1,34.164433986510154,1,5.194760049840397e-05,1,1,1,0,1.3152655092918322,0.4412080917261442,8.131679517403377,1.0,1.0,1,17347,1,2.6527388097070226,10760.619130783522,3.3023891304515978,150.42804747447812,0.09328799881024982,4.031837259931423,0.4236944911858159,0.0518707482993197
458876004,3677.01,FP,0,1,,3.6923071,0.7202382342847683,1,0,21.230251696981977,1,0.004200057218529702,0,1,1,0,0.6745793775571487,3.2702773210625113,-0.4707663001731379,1.09776,2.104,2,20892,1,3.6917757440049424,7702.984728210516,1.6200197357658783,37.044602071675605,0.07892901176969248,3.886659036838163,0.5672353120453185,0.018284106891701787
281909674,534.01,KP,1,1,,4.03504443843292,0.1825378627949838,0,1,21.82723129904584,1,0.9225679200873683,1,1,1,0,0.4460596410805769,11.311103381136554,1.9216961495302416,1.13707,1.08,3,136153,1,4.035203193517082,10330.41147573599,1.427504000189127,3.656429176057132,0.09140415899181767,4.014117620462753,0.6058654085999408,0.014740108611326574
137683938,4587.01,KP,1,1,,3.29031359088435,0.3240644665308989,0,1,19.450718203081543,1,0.563891880661825,1,1,1,0,0.4870597544762931,8.6883443866514,-1.6933205866860328,0.567309,0.560561,3,55728,1,3.290452071007395,13003.590095591933,0.9040576658737751,3.2447822991484587,0.10255073617390552,4.114063271034155,0.5172555692133253,0.011447992129505369
63013648,5547.01,FP,0,1,,19.630497760606,0.8292244112323528,1,0,31.93483609637729,1,1.0063817251127734e-84,0,1,1,0,0.4487368357206078,11.109860352253888,-0.40194518938224433,1.03786,0.967,3,46211,1,9.816179975953355,2873.5199894849293,1.8290229672684135,17.01770854919022,0.048207460952594636,3.458414222626078,0.9919425124172845,0.007763640284666751
424865156,1265.01,KP,1,1,,2.2047452,0.500339664855568,1,1,111.01068823423587,1,0.45387385237631617,1,1,1,0,0.4538986220414609,10.735126604668618,2.9695319110482945,1.99356,1.347,3,50160,1,2.204720256514659,6405.023399131959,1.934194415910906,70.37724664136171,0.07197265226492609,3.8065207206685785,0.34335349232570095,0.03655404070341833
327369524,6016.01,CP,1,1,,4.0236805,0.7418733589455416,1,1,52.74618445854907,1,0.7721469317388546,1,1,1,0,0.45248652083430957,10.835945799905286,0.5888045492085631,1.57165,1.044,3,49313,1,4.023404305497705,5904.415207987568,2.0222857739490596,26.344868381528766,0.06910279154607248,3.771176890176335,0.6045936763256982,0.020942938081748186
319068154,1541.01,FP,0,0,"MAST search failed: ('Connection aborted.', RemoteDisconnected('Remote end closed connection without response'))",3.7983639,,,,,,,,,,,,,,,,,,,,,,,,,,
404467699,857.01,KP,1,1,,3.9080236,0.6688242546230311,1,1,21.5024971808481,1,0.46175026799727564,1,1,1,0,1.03090918758949,0.9162680290421612,-1.4098044817369983,1.0,1.0,1,15729,1,3.9123255185033154,7022.852422672754,2.9463345267714316,62.09619277252949,0.07536399602486979,3.8465135423031893,0.5924349823651344,0.031378763866877935
120757718,1236.01,KP,1,1,,3.03007145826677,0.4527241326391815,0,1,166.49391775837964,1,0.06867086954515547,1,1,1,0,0.5753494821039622,5.270946207361708,1.3013398728503414,0.857369,0.896,3,46395,1,3.0301563903159177,19624.66519826578,1.3429767639278603,60.3364882135331,0.12598193512999176,4.2928022563071755,0.481465043584315,0.01846682413570966
394029948,2110.01,FA,0,0,"MAST search failed: ('Connection aborted.', RemoteDisconnected('Remote end closed connection without response'))",32.76639,,,,,,,,,,,,,,,,,,,,,,,,,,
36592530,4525.01,KP,1,1,,2.4841975,0.6745627499928412,1,1,102.33711245395739,1,0.7004618023622478,1,1,1,0,0.4257109046996537,13.011861707943643,2.5356774853371244,1.0,1.0,3,104647,1,2.48418331538977,6944.538003861966,1.045745423368931,26.977241416187642,0.07494261211502683,3.8416433589221177,0.39518364058856675,0.017540060632308396
459837008,2267.01,CP,1,1,,3.49504222192781,0.26220490524833706,0,0,6.308664141871637,0,0.7037993435666994,1,0,1,0,1.930990109320816,0.13942595107996586,-8.948741912520672,0.242745,0.21305,1,16534,1,3.485501934828927,2558.2508234387456,2.158282336869153,8.052296973387689,0.04548610066224721,3.4079431225879553,0.5422653281527994,0.025800711743772187
148659924,983.01,FP,0,1,,7.3816254,0.8683796925420825,1,1,14.529312228122487,1,0.01843134437265386,1,1,1,0,1.1746872106196034,0.6193227625502898,1.0702221518118722,1.0,1.0,1,16797,1,7.366350068684563,1643.486098889424,4.145621766169752,15.035942205535008,0.03645777533636441,3.215766035036963,0.8672523538462672,0.023449094686850636
260298958,2205.01,FP,0,1,,0.88914831054054,0.051720701336233146,0,1,26.43230505940165,1,0.908335886666872,1,1,1,0,0.7378597600755901,2.4989771475540485,0.16791083612635255,1.0,1.0,2,27833,1,0.888877696015226,28410.261063120834,1.2867805271829507,26.212025783051114,0.15158099694486435,4.453475224492098,-0.051157991110488986,0.06031859674243778
193708920,3562.01,FP,0,0,"MAST search failed: ('Connection aborted.', RemoteDisconnected('Remote end closed connection without response'))",1.3298469,,,,,,,,,,,,,,,,,,,,,,,,,,
269892793,1636.01,FP,0,1,,1.77292394746986,0.13909330724813662,0,0,204.17152697269844,1,1.9089956073982392e-10,0,1,1,0,0.4138576726778726,14.162200221438164,-0.516997151127863,0.687841,0.768,2,34103,1,1.772916515737004,22322.942903832853,0.6823880451298558,47.9979979494421,0.13436398354274415,4.3487514484485414,0.2486882857371995,0.016037323224959876
234523599,127.01,CP,1,1,,3.79551778380905,0.05051792700196023,0,1,146.47756529436006,1,0.3335879314714162,1,1,1,0,0.5752362422400169,5.2740597041971515,0.5420232850993263,0.445372,0.44159,3,51750,1,3.795509922924451,50114.71858128291,0.9518520182882653,27.558833695904045,0.2013213318369729,4.6999652959242,0.5792701311762622,0.010449320794148398
35377903,6693.01,FP,0,1,,2.993758709116834,0.28353891217756283,0,1,22.401781270782273,1,0.12017452569685072,1,1,1,0,0.7115766805194383,2.786240765819399,3.8608873939836794,1.0,1.0,2,29911,1,2.9936912939849654,2489.00317170464,1.8601188598002416,7.65642131995272,0.04486626032015737,3.396025450024803,0.4762070143666997,0.02588942709203268
134537478,501.01,KP,1,1,,1.7100122,0.22498855295304773,0,1,83.24616920759445,1,0.26471127503402425,1,1,1,0,0.4515423111820211,10.904064427512349,1.899422414617021,1.50815,1.06,3,138238,1,1.7100233291267761,7032.121126091417,1.4486329664556488,89.8365933368054,0.07541371202060294,3.8470863427170334,0.23300203532894614,0.03529759267464189
211438925,194.01,KP,1,1,,4.8996461,0.6701034134555373,1,1,126.54336451317921,1,0.9269999975507093,1,1,1,0,0.41008194260391506,14.556998093210993,1.0723276935465658,1.5037,1.0,3,110307,1,4.8997340522426756,9035.296930702374,1.8996459499912066,32.250641190933905,0.08548272569768435,3.9559424295307712,0.6901725080330099,0.016154328732747858
452006073,3071.01,CP,1,1,,1.2669382,0.12323609694575528,0,1,81.81305230565326,1,0.024907712117433447,1,1,1,0,0.435894614331782,12.121022407742856,0.8582213565965531,1.35787,1.23,3,123309,1,1.2669398952427111,2632.5532341492376,1.0841931213449096,8.126232798531145,0.046141927009155086,3.4203771620278975,0.10275601205503124,0.03565655605210616
382188882,276.01,FP,0,1,,4.80009527427101,0.8897295969813059,1,1,24.826278571123254,1,0.6233503368935378,1,1,1,0,0.6219827566074881,4.17204255084199,6.1813557567651465,1.58083,1.3,3,41888,1,4.801668709376279,2404.8471688333793,2.756744043375121,52.89448711599322,0.04410124882351967,3.381087481607418,0.6813921926528937,0.02392175347631398
86451883,3507.01,FP,0,1,,1.7561019,0.12754006168686707,0,0,50.54460436849605,1,0.10394476806245709,1,1,1,1,0.7520743763279641,2.359942311735287,7.769880183305277,0.811153,0.801,3,52087,1,1.7578219435033264,12428.121466687924,1.4378966668542263,12.188965000075179,0.1002558887855664,4.09440548919627,0.24497488161925898,0.034083293441838136
261258875,927.01,FP,0,1,,2.5852,0.03487987883183318,0,1,11.532538956520886,1,0.21744869823473828,1,1,1,0,0.6081730816225928,4.462746127842594,0.5893933116305633,2.65887,1.4,3,122717,1,2.5845346606518405,103.79260760084996,3.5979825857479577,6.229879101348201,0.009162001495153086,2.0161664229489924,0.4123823607749023,0.05800500312695422
53735810,661.01,KP,1,1,,4.08604953569308,0.72728561161126,1,1,65.14379360752436,1,0.14034751706525106,1,1,1,0,0.5754888430229294,5.267117882723304,-0.9010818295354559,1.47741,1.56,3,124076,1,4.086120195524565,5200.557007486228,2.125772444723021,15.828318710740634,0.06485329968324269,3.716049861389128,0.6113111375008611,0.021676761236850584
286355915,1637.01,FP,0,1,,4.07668395215913,0.6768354410435656,1,1,161.02101087229977,1,0.9727476192486706,1,1,1,0,0.4850026682504715,8.799365955713126,6.883729244069766,1.64302,1.35,3,46019,1,4.076658202144893,9531.142035251627,2.0891059825938227,25.06308511505514,0.08779698810898785,3.9791449415504183,0.6103043005752703,0.021352313167259773
420803693,4134.01,FP,0,1,,0.9135968,0.03942498892854529,0,1,9.686706790472648,1,0.30919360011593544,1,1,1,0,1.2015116554919318,0.578761720762153,-0.4877466018444887,0.889108,1.102,2,31276,1,0.9140426434456398,309.3008666487096,1.8205143698063524,5.972372928465929,0.01581603856539759,2.490381136880725,-0.039033542361228385,0.08298821280662633
262499797,4858.01,FP,0,1,,1.75091172663579,0.03503220819201979,0,1,36.55126774771434,1,0.03997528495619572,1,1,1,0,0.7977444806693624,1.9773900256082704,1.514877849554003,0.443812,0.439909,3,49106,1,1.7511780905236156,58653.517740440584,1.0177364344078308,47.72821707723005,0.21779814616424384,4.768294064012474,0.24333031501475288,0.02421551811118955
366622912,515.01,CP,1,1,,3.11489307594055,0.350844207047249,0,1,75.47792445139505,1,0.1503434849862886,1,1,1,0,0.5722571290848782,5.356857927150342,-0.6169752215416808,0.74956,0.82,3,134066,1,3.1148877261226313,21292.76577283501,1.2139210624131482,9.844319043269529,0.13122699538883115,4.328232076744389,0.4934423974465044,0.016238159675236785
464646604,4399.01,CP,1,1,,7.7121208408771,0.23186082424224871,0,0,8.586289403025082,1,0.0007505556282078671,0,1,1,0,0.4365239126127621,12.06867649458766,1.5875275477025215,1.08958,1.1,3,118229,0,6.6549549440647455,1626.5324354078903,1.5719351465167346,3.0058674361106457,0.03626924464523808,3.21126272816396,0.8231451195236471,0.009841884478864084
149601557,1033.01,FP,0,1,,29.016164561874017,0.1252556082946946,0,0,4.2057469715459055,0,1.2809285015650098e-05,0,1,1,0,0.5129069148560338,7.439917181458454,1.936844152902805,2.01294,1.0,3,304439,0,13.743222255857527,406.9477284127654,4.485548515057743,5.0003406019037016,0.01814163651255928,2.609538628586894,1.1380885699776635,0.013599274705348994
264460005,4683.01,FP,0,1,,3.0929206,0.029429075590886495,0,0,36.89808687664707,1,9.802534918504384e-08,0,1,1,0,0.4116866484177521,14.387436380264004,0.013583517661483108,1.42878,1.04,3,27697,0,14.43697925129008,283898.5585909426,2.5640695035226155,3.313339157932047,0.4791690299470791,5.4531631875325886,1.1594763323101627,0.007400178905424104
178709444,762.01,CP,1,1,,3.47168080203191,0.3764460209189804,0,1,103.15198489786178,1,0.6170558519972921,1,1,1,0,0.4550831944460238,10.651514666942088,-0.01897380500632818,0.426785,0.421357,3,44329,1,3.4717428213841957,23790.492689276798,0.7115122366522164,14.945898699701287,0.13871034915410102,4.376403436153221,0.5405475461730836,0.008539325842696566
441738827,2084.01,CP,1,1,,6.0784031,0.2244826654821977,0,1,13.040065567071162,1,0.993024727142631,1,1,1,0,0.784552077815999,2.078827401676678,-1.5757609149220089,0.466766,0.464271,3,49205,1,6.078357353856369,2548.4261698025534,1.565462008294363,6.338945761001057,0.04539867470342956,3.40627205620536,0.7837862291834956,0.01073112024872125
153949511,1277.01,FA,0,1,,0.0,0.7759875512118098,1,1,24.877736861261152,1,0.4864263317627959,1,1,1,0,0.7839993634393007,2.083227180827339,-0.0154189424888709,0.857648,0.976,3,53402,,14.854338807669402,818.4154198169757,3.0223350614940956,10.67823811988685,0.02572729038933131,2.9129738033511434,1.1718533253708252,0.008477699963140406
441462736,197.01,CP,1,1,,14.28117312608152,0.23296528520630105,0,0,6.0658283720234,0,1.094064562303889e-13,0,1,1,0,1.4893193655297636,0.30389269011435716,-0.8793397186309498,1.0,1.0,1,18245,1,7.14967794011739,194.60472805010733,5.203952381534723,9.09886356121334,0.012545380576551845,2.289153387531139,0.8542864792863905,0.03032742887815354
198241702,1269.01,CP,1,0,"MAST search failed: ('Connection aborted.', RemoteDisconnected('Remote end closed connection without response'))",4.25296414061114,,,,,,,,,,,,,,,,,,,,,,,,,,
237222864,1255.01,CP,1,0,"MAST search failed: HTTPSConnectionPool(host='mast.stsci.edu', port=443): Max retries exceeded with url: /api/v0/invoke (Caused by NameResolutionError(""HTTPSConnection(host='mast.stsci.edu', port=443)",10.288886,,,,,,,,,,,,,,,,,,,,,,,,,,
123357864,6005.01,KP,1,0,"MAST search failed: HTTPSConnectionPool(host='mast.stsci.edu', port=443): Max retries exceeded with url: /api/v0/invoke (Caused by NameResolutionError(""HTTPSConnection(host='mast.stsci.edu', port=443)",16.1455898171819,,,,,,,,,,,,,,,,,,,,,,,,,,
278348461,1257.01,KP,1,0,"MAST search failed: HTTPSConnectionPool(host='mast.stsci.edu', port=443): Max retries exceeded with url: /api/v0/invoke (Caused by NameResolutionError(""HTTPSConnection(host='mast.stsci.edu', port=443)",5.4526479,,,,,,,,,,,,,,,,,,,,,,,,,,
15692883,1493.01,CP,1,0,"MAST search failed: HTTPSConnectionPool(host='mast.stsci.edu', port=443): Max retries exceeded with url: /api/v0/invoke (Caused by NameResolutionError(""HTTPSConnection(host='mast.stsci.edu', port=443)",5.147905,,,,,,,,,,,,,,,,,,,,,,,,,,
29336129,2933.01,FP,0,0,"MAST search failed: HTTPSConnectionPool(host='mast.stsci.edu', port=443): Max retries exceeded with url: /api/v0/invoke (Caused by NameResolutionError(""HTTPSConnection(host='mast.stsci.edu', port=443)",1.63638219397965,,,,,,,,,,,,,,,,,,,,,,,,,,
141405814,4225.01,FP,0,0,"MAST search failed: HTTPSConnectionPool(host='mast.stsci.edu', port=443): Max retries exceeded with url: /api/v0/invoke (Caused by NameResolutionError(""HTTPSConnection(host='mast.stsci.edu', port=443)",1.1355457163428109,,,,,,,,,,,,,,,,,,,,,,,,,,
128501004,1426.01,FP,0,0,"MAST search failed: HTTPSConnectionPool(host='mast.stsci.edu', port=443): Max retries exceeded with url: /api/v0/invoke (Caused by NameResolutionError(""HTTPSConnection(host='mast.stsci.edu', port=443)",0.78999,,,,,,,,,,,,,,,,,,,,,,,,,,
294176967,1170.01,FP,0,0,"MAST search failed: HTTPSConnectionPool(host='mast.stsci.edu', port=443): Max retries exceeded with url: /api/v0/invoke (Caused by NameResolutionError(""HTTPSConnection(host='mast.stsci.edu', port=443)",1.8296155,,,,,,,,,,,,,,,,,,,,,,,,,,
35883621,6094.01,FP,0,0,"MAST search failed: HTTPSConnectionPool(host='mast.stsci.edu', port=443): Max retries exceeded with url: /api/v0/invoke (Caused by NameResolutionError(""HTTPSConnection(host='mast.stsci.edu', port=443)",3.0519843,,,,,,,,,,,,,,,,,,,,,,,,,,
92359850,387.01,FP,0,0,"MAST search failed: HTTPSConnectionPool(host='mast.stsci.edu', port=443): Max retries exceeded with url: /api/v0/invoke (Caused by NameResolutionError(""HTTPSConnection(host='mast.stsci.edu', port=443)",4.155,,,,,,,,,,,,,,,,,,,,,,,,,,
315755496,2053.01,FP,0,0,"MAST search failed: HTTPSConnectionPool(host='mast.stsci.edu', port=443): Max retries exceeded with url: /api/v0/invoke (Caused by NameResolutionError(""HTTPSConnection(host='mast.stsci.edu', port=443)",4.27808,,,,,,,,,,,,,,,,,,,,,,,,,,
191284318,1458.01,KP,1,0,"MAST search failed: HTTPSConnectionPool(host='mast.stsci.edu', port=443): Max retries exceeded with url: /api/v0/invoke (Caused by NameResolutionError(""HTTPSConnection(host='mast.stsci.edu', port=443)",2.7759678,,,,,,,,,,,,,,,,,,,,,,,,,,
103604037,4583.01,FA,0,0,"MAST search failed: HTTPSConnectionPool(host='mast.stsci.edu', port=443): Max retries exceeded with url: /api/v0/invoke (Caused by NameResolutionError(""HTTPSConnection(host='mast.stsci.edu', port=443)",19.5202385591324,,,,,,,,,,,,,,,,,,,,,,,,,,
333657795,4524.01,CP,1,0,"MAST search failed: HTTPSConnectionPool(host='mast.stsci.edu', port=443): Max retries exceeded with url: /api/v0/invoke (Caused by NameResolutionError(""HTTPSConnection(host='mast.stsci.edu', port=443)",0.9260632,,,,,,,,,,,,,,,,,,,,,,,,,,
356867115,1301.01,CP,1,0,"MAST search failed: HTTPSConnectionPool(host='mast.stsci.edu', port=443): Max retries exceeded with url: /api/v0/invoke (Caused by NameResolutionError(""HTTPSConnection(host='mast.stsci.edu', port=443)",6.09640744087736,,,,,,,,,,,,,,,,,,,,,,,,,,
361998994,3189.01,FP,0,0,"MAST search failed: HTTPSConnectionPool(host='mast.stsci.edu', port=443): Max retries exceeded with url: /api/v0/invoke (Caused by NameResolutionError(""HTTPSConnection(host='mast.stsci.edu', port=443)",1.84996,,,,,,,,,,,,,,,,,,,,,,,,,,
157586003,1626.01,KP,1,0,"MAST search failed: HTTPSConnectionPool(host='mast.stsci.edu', port=443): Max retries exceeded with url: /api/v0/invoke (Caused by NameResolutionError(""HTTPSConnection(host='mast.stsci.edu', port=443)",3.33261886913099,,,,,,,,,,,,,,,,,,,,,,,,,,
86263325,3884.01,CP,1,0,"MAST search failed: HTTPSConnectionPool(host='mast.stsci.edu', port=443): Max retries exceeded with url: /api/v0/invoke (Caused by NameResolutionError(""HTTPSConnection(host='mast.stsci.edu', port=443)",4.5445569,,,,,,,,,,,,,,,,,,,,,,,,,,
16740101,1150.01,KP,1,0,"MAST search failed: HTTPSConnectionPool(host='mast.stsci.edu', port=443): Max retries exceeded with url: /api/v0/invoke (Caused by NameResolutionError(""HTTPSConnection(host='mast.stsci.edu', port=443)",1.48109028542409,,,,,,,,,,,,,,,,,,,,,,,,,,
118798035,7510.01,CP,1,0,"MAST search failed: HTTPSConnectionPool(host='mast.stsci.edu', port=443): Max retries exceeded with url: /api/v0/invoke (Caused by NameResolutionError(""HTTPSConnection(host='mast.stsci.edu', port=443)",11.531727272140452,,,,,,,,,,,,,,,,,,,,,,,,,,
271596418,868.01,FP,0,0,"MAST search failed: HTTPSConnectionPool(host='mast.stsci.edu', port=443): Max retries exceeded with url: /api/v0/invoke (Caused by NameResolutionError(""HTTPSConnection(host='mast.stsci.edu', port=443)",0.556109,,,,,,,,,,,,,,,,,,,,,,,,,,
400466395,6952.01,FP,0,0,"MAST search failed: HTTPSConnectionPool(host='mast.stsci.edu', port=443): Max retries exceeded with url: /api/v0/invoke (Caused by NameResolutionError(""HTTPSConnection(host='mast.stsci.edu', port=443)",5.1391542,,,,,,,,,,,,,,,,,,,,,,,,,,
159951311,265.01,KP,1,0,"MAST search failed: HTTPSConnectionPool(host='mast.stsci.edu', port=443): Max retries exceeded with url: /api/v0/invoke (Caused by NameResolutionError(""HTTPSConnection(host='mast.stsci.edu', port=443)",5.92426613248315,,,,,,,,,,,,,,,,,,,,,,,,,,
137402055,4570.01,KP,1,0,"MAST search failed: HTTPSConnectionPool(host='mast.stsci.edu', port=443): Max retries exceeded with url: /api/v0/invoke (Caused by NameResolutionError(""HTTPSConnection(host='mast.stsci.edu', port=443)",1.9737719355324,,,,,,,,,,,,,,,,,,,,,,,,,,
162577466,4067.01,FP,0,0,"MAST search failed: HTTPSConnectionPool(host='mast.stsci.edu', port=443): Max retries exceeded with url: /api/v0/invoke (Caused by NameResolutionError(""HTTPSConnection(host='mast.stsci.edu', port=443)",3.67723912054782,,,,,,,,,,,,,,,,,,,,,,,,,,
286099128,3422.01,KP,1,0,"MAST search failed: HTTPSConnectionPool(host='mast.stsci.edu', port=443): Max retries exceeded with url: /api/v0/invoke (Caused by NameResolutionError(""HTTPSConnection(host='mast.stsci.edu', port=443)",3.77887786423956,,,,,,,,,,,,,,,,,,,,,,,,,,
366563452,2161.01,FP,0,0,"MAST search failed: HTTPSConnectionPool(host='mast.stsci.edu', port=443): Max retries exceeded with url: /api/v0/invoke (Caused by NameResolutionError(""HTTPSConnection(host='mast.stsci.edu', port=443)",1.5873866,,,,,,,,,,,,,,,,,,,,,,,,,,
380619414,5144.01,KP,1,0,"MAST search failed: HTTPSConnectionPool(host='mast.stsci.edu', port=443): Max retries exceeded with url: /api/v0/invoke (Caused by NameResolutionError(""HTTPSConnection(host='mast.stsci.edu', port=443)",2.65567525096198,,,,,,,,,,,,,,,,,,,,,,,,,,
307210830,175.01,CP,1,0,"MAST search failed: HTTPSConnectionPool(host='mast.stsci.edu', port=443): Max retries exceeded with url: /api/v0/invoke (Caused by NameResolutionError(""HTTPSConnection(host='mast.stsci.edu', port=443)",3.690675857802184,,,,,,,,,,,,,,,,,,,,,,,,,,
327210623,3313.01,FP,0,0,"MAST search failed: HTTPSConnectionPool(host='mast.stsci.edu', port=443): Max retries exceeded with url: /api/v0/invoke (Caused by NameResolutionError(""HTTPSConnection(host='mast.stsci.edu', port=443)",2.128423,,,,,,,,,,,,,,,,,,,,,,,,,,
21744120,2127.01,KP,1,0,"MAST search failed: HTTPSConnectionPool(host='mast.stsci.edu', port=443): Max retries exceeded with url: /api/v0/invoke (Caused by NameResolutionError(""HTTPSConnection(host='mast.stsci.edu', port=443)",5.50806821746442,,,,,,,,,,,,,,,,,,,,,,,,,,
374180079,5520.01,KP,1,0,"MAST search failed: HTTPSConnectionPool(host='mast.stsci.edu', port=443): Max retries exceeded with url: /api/v0/invoke (Caused by NameResolutionError(""HTTPSConnection(host='mast.stsci.edu', port=443)",14.6980800316566,,,,,,,,,,,,,,,,,,,,,,,,,,
189013222,949.01,FP,0,0,"MAST search failed: HTTPSConnectionPool(host='mast.stsci.edu', port=443): Max retries exceeded with url: /api/v0/invoke (Caused by NameResolutionError(""HTTPSConnection(host='mast.stsci.edu', port=443)",1.3228701,,,,,,,,,,,,,,,,,,,,,,,,,,
434234955,944.01,FP,0,0,"MAST search failed: HTTPSConnectionPool(host='mast.stsci.edu', port=443): Max retries exceeded with url: /api/v0/invoke (Caused by NameResolutionError(""HTTPSConnection(host='mast.stsci.edu', port=443)",6.0588453,,,,,,,,,,,,,,,,,,,,,,,,,,
9725627,239.01,KP,1,0,"MAST search failed: HTTPSConnectionPool(host='mast.stsci.edu', port=443): Max retries exceeded with url: /api/v0/invoke (Caused by NameResolutionError(""HTTPSConnection(host='mast.stsci.edu', port=443)",4.15678335726899,,,,,,,,,,,,,,,,,,,,,,,,,,
41865539,335.01,FP,0,0,"MAST search failed: HTTPSConnectionPool(host='mast.stsci.edu', port=443): Max retries exceeded with url: /api/v0/invoke (Caused by NameResolutionError(""HTTPSConnection(host='mast.stsci.edu', port=443)",1.26092,,,,,,,,,,,,,,,,,,,,,,,,,,
273874849,5794.01,KP,1,0,"MAST search failed: HTTPSConnectionPool(host='mast.stsci.edu', port=443): Max retries exceeded with url: /api/v0/invoke (Caused by NameResolutionError(""HTTPSConnection(host='mast.stsci.edu', port=443)",1.48571479660261,,,,,,,,,,,,,,,,,,,,,,,,,,
224297258,1279.01,CP,1,0,"MAST search failed: HTTPSConnectionPool(host='mast.stsci.edu', port=443): Max retries exceeded with url: /api/v0/invoke (Caused by NameResolutionError(""HTTPSConnection(host='mast.stsci.edu', port=443)",9.61416356821561,,,,,,,,,,,,,,,,,,,,,,,,,,
285666479,1569.01,FP,0,0,"MAST search failed: HTTPSConnectionPool(host='mast.stsci.edu', port=443): Max retries exceeded with url: /api/v0/invoke (Caused by NameResolutionError(""HTTPSConnection(host='mast.stsci.edu', port=443)",1.71614,,,,,,,,,,,,,,,,,,,,,,,,,,
279251651,419.01,FP,0,0,"MAST search failed: HTTPSConnectionPool(host='mast.stsci.edu', port=443): Max retries exceeded with url: /api/v0/invoke (Caused by NameResolutionError(""HTTPSConnection(host='mast.stsci.edu', port=443)",0.403842579347559,,,,,,,,,,,,,,,,,,,,,,,,,,
327577308,2061.01,FP,0,0,"MAST search failed: HTTPSConnectionPool(host='mast.stsci.edu', port=443): Max retries exceeded with url: /api/v0/invoke (Caused by NameResolutionError(""HTTPSConnection(host='mast.stsci.edu', port=443)",1.45655,,,,,,,,,,,,,,,,,,,,,,,,,,
409183335,1667.01,FP,0,0,"MAST search failed: HTTPSConnectionPool(host='mast.stsci.edu', port=443): Max retries exceeded with url: /api/v0/invoke (Caused by NameResolutionError(""HTTPSConnection(host='mast.stsci.edu', port=443)",3.32125,,,,,,,,,,,,,,,,,,,,,,,,,,
151728428,5850.01,FP,0,0,"MAST search failed: HTTPSConnectionPool(host='mast.stsci.edu', port=443): Max retries exceeded with url: /api/v0/invoke (Caused by NameResolutionError(""HTTPSConnection(host='mast.stsci.edu', port=443)",3.9997367,,,,,,,,,,,,,,,,,,,,,,,,,,
92226327,256.01,KP,1,0,"MAST search failed: HTTPSConnectionPool(host='mast.stsci.edu', port=443): Max retries exceeded with url: /api/v0/invoke (Caused by NameResolutionError(""HTTPSConnection(host='mast.stsci.edu', port=443)",24.73734116,,,,,,,,,,,,,,,,,,,,,,,,,,
64531556,4477.01,FP,0,0,"MAST search failed: HTTPSConnectionPool(host='mast.stsci.edu', port=443): Max retries exceeded with url: /api/v0/invoke (Caused by NameResolutionError(""HTTPSConnection(host='mast.stsci.edu', port=443)",7.8127906,,,,,,,,,,,,,,,,,,,,,,,,,,
459952217,4314.01,FA,0,0,"MAST search failed: HTTPSConnectionPool(host='mast.stsci.edu', port=443): Max retries exceeded with url: /api/v0/invoke (Caused by NameResolutionError(""HTTPSConnection(host='mast.stsci.edu', port=443)",73.5809819958847,,,,,,,,,,,,,,,,,,,,,,,,,,
260128333,1338.01,CP,1,0,"MAST search failed: HTTPSConnectionPool(host='mast.stsci.edu', port=443): Max retries exceeded with url: /api/v0/invoke (Caused by NameResolutionError(""HTTPSConnection(host='mast.stsci.edu', port=443)",95.174,,,,,,,,,,,,,,,,,,,,,,,,,,
4616072,466.01,KP,1,0,"MAST search failed: HTTPSConnectionPool(host='mast.stsci.edu', port=443): Max retries exceeded with url: /api/v0/invoke (Caused by NameResolutionError(""HTTPSConnection(host='mast.stsci.edu', port=443)",4.18761538150302,,,,,,,,,,,,,,,,,,,,,,,,,,
124095888,2358.01,FP,0,0,"MAST search failed: HTTPSConnectionPool(host='mast.stsci.edu', port=443): Max retries exceeded with url: /api/v0/invoke (Caused by NameResolutionError(""HTTPSConnection(host='mast.stsci.edu', port=443)",1.1258127,,,,,,,,,,,,,,,,,,,,,,,,,,
73228647,755.01,CP,1,0,"MAST search failed: HTTPSConnectionPool(host='mast.stsci.edu', port=443): Max retries exceeded with url: /api/v0/invoke (Caused by NameResolutionError(""HTTPSConnection(host='mast.stsci.edu', port=443)",2.5404679,,,,,,,,,,,,,,,,,,,,,,,,,,
49899799,416.01,FP,0,0,"MAST search failed: HTTPSConnectionPool(host='mast.stsci.edu', port=443): Max retries exceeded with url: /api/v0/invoke (Caused by NameResolutionError(""HTTPSConnection(host='mast.stsci.edu', port=443)",7.0114,,,,,,,,,,,,,,,,,,,,,,,,,,
130191319,3379.01,FP,0,0,"MAST search failed: HTTPSConnectionPool(host='mast.stsci.edu', port=443): Max retries exceeded with url: /api/v0/invoke (Caused by NameResolutionError(""HTTPSConnection(host='mast.stsci.edu', port=443)",1.6117444,,,,,,,,,,,,,,,,,,,,,,,,,,
